TABLE_SCHEMA,TABLE_NAME,COLUMN_NAME,DATA_TYPE
CORE,DIM_IDLS,PROGRAM_ID,TEXT
CORE,DIM_IDLS,IDL,VARIANT
CORE,DIM_IDLS,IDL_HASH,TEXT
CORE,DIM_IDLS,IS_VALID,BOOLEAN
CORE,DIM_IDLS,SUBMITTED_BY,TEXT
CORE,DIM_IDLS,DATE_SUBMITTED,TIMESTAMP_NTZ
CORE,DIM_IDLS,FIRST_BLOCK_ID,NUMBER
CORE,DIM_IDLS,EARLIEST_DECODED_BLOCK,NUMBER
CORE,DIM_IDLS,BACKFILL_STATUS,TEXT
CORE,DIM_IDLS,DIM_IDLS_ID,TEXT
CORE,DIM_IDLS,INSERTED_TIMESTAMP,TIMESTAMP_NTZ
CORE,DIM_IDLS,MODIFIED_TIMESTAMP,TIMESTAMP_NTZ
CORE,DIM_LABELS,BLOCKCHAIN,TEXT
CORE,DIM_LABELS,CREATOR,TEXT
CORE,DIM_LABELS,ADDRESS,TEXT
CORE,DIM_LABELS,LABEL_TYPE,TEXT
CORE,DIM_LABELS,LABEL_SUBTYPE,TEXT
CORE,DIM_LABELS,LABEL,TEXT
CORE,DIM_LABELS,ADDRESS_NAME,TEXT
CORE,DIM_LABELS,DIM_LABELS_ID,TEXT
CORE,DIM_LABELS,INSERTED_TIMESTAMP,TIMESTAMP_NTZ
CORE,DIM_LABELS,MODIFIED_TIMESTAMP,TIMESTAMP_NTZ
CORE,EZ_EVENTS_DECODED,BLOCK_TIMESTAMP,TIMESTAMP_NTZ
CORE,EZ_EVENTS_DECODED,BLOCK_ID,NUMBER
CORE,EZ_EVENTS_DECODED,TX_ID,TEXT
CORE,EZ_EVENTS_DECODED,SIGNERS,ARRAY
CORE,EZ_EVENTS_DECODED,SUCCEEDED,BOOLEAN
CORE,EZ_EVENTS_DECODED,INDEX,NUMBER
CORE,EZ_EVENTS_DECODED,INNER_INDEX,NUMBER
CORE,EZ_EVENTS_DECODED,EVENT_TYPE,TEXT
CORE,EZ_EVENTS_DECODED,PROGRAM_ID,TEXT
CORE,EZ_EVENTS_DECODED,DECODED_INSTRUCTION,VARIANT
CORE,EZ_EVENTS_DECODED,DECODED_ACCOUNTS,ARRAY
CORE,EZ_EVENTS_DECODED,DECODED_ARGS,VARIANT
CORE,EZ_EVENTS_DECODED,DECODING_ERROR,TEXT
CORE,EZ_EVENTS_DECODED,EZ_EVENTS_DECODED_ID,TEXT
CORE,EZ_EVENTS_DECODED,INSERTED_TIMESTAMP,TIMESTAMP_NTZ
CORE,EZ_EVENTS_DECODED,MODIFIED_TIMESTAMP,TIMESTAMP_NTZ
CORE,EZ_SIGNERS,SIGNER,TEXT
CORE,EZ_SIGNERS,FIRST_TX_DATE,DATE
CORE,EZ_SIGNERS,FIRST_PROGRAM_ID,TEXT
CORE,EZ_SIGNERS,LAST_TX_DATE,DATE
CORE,EZ_SIGNERS,LAST_PROGRAM_ID,TEXT
CORE,EZ_SIGNERS,NUM_DAYS_ACTIVE,NUMBER
CORE,EZ_SIGNERS,NUM_TXS,NUMBER
CORE,EZ_SIGNERS,TOTAL_FEES,NUMBER
CORE,EZ_SIGNERS,PROGRAMS_USED,ARRAY
CORE,EZ_SIGNERS,EZ_SIGNERS_ID,TEXT
CORE,EZ_SIGNERS,INSERTED_TIMESTAMP,TIMESTAMP_NTZ
CORE,EZ_SIGNERS,MODIFIED_TIMESTAMP,TIMESTAMP_NTZ
CORE,FACT_BLOCKS,BLOCK_ID,NUMBER
CORE,FACT_BLOCKS,BLOCK_TIMESTAMP,TIMESTAMP_NTZ
CORE,FACT_BLOCKS,NETWORK,TEXT
CORE,FACT_BLOCKS,CHAIN_ID,TEXT
CORE,FACT_BLOCKS,BLOCK_HEIGHT,VARIANT
CORE,FACT_BLOCKS,BLOCK_HASH,TEXT
CORE,FACT_BLOCKS,PREVIOUS_BLOCK_ID,VARIANT
CORE,FACT_BLOCKS,PREVIOUS_BLOCK_HASH,TEXT
CORE,FACT_BLOCKS,FACT_BLOCKS_ID,TEXT
CORE,FACT_BLOCKS,INSERTED_TIMESTAMP,TIMESTAMP_NTZ
CORE,FACT_BLOCKS,MODIFIED_TIMESTAMP,TIMESTAMP_NTZ
CORE,FACT_DECODED_INSTRUCTIONS,BLOCK_TIMESTAMP,TIMESTAMP_NTZ
CORE,FACT_DECODED_INSTRUCTIONS,BLOCK_ID,NUMBER
CORE,FACT_DECODED_INSTRUCTIONS,TX_ID,TEXT
CORE,FACT_DECODED_INSTRUCTIONS,SIGNERS,ARRAY
CORE,FACT_DECODED_INSTRUCTIONS,INDEX,NUMBER
CORE,FACT_DECODED_INSTRUCTIONS,INNER_INDEX,NUMBER
CORE,FACT_DECODED_INSTRUCTIONS,PROGRAM_ID,TEXT
CORE,FACT_DECODED_INSTRUCTIONS,EVENT_TYPE,TEXT
CORE,FACT_DECODED_INSTRUCTIONS,DECODED_INSTRUCTION,VARIANT
CORE,FACT_DECODED_INSTRUCTIONS,FACT_DECODED_INSTRUCTIONS_ID,TEXT
CORE,FACT_DECODED_INSTRUCTIONS,INSERTED_TIMESTAMP,TIMESTAMP_NTZ
CORE,FACT_DECODED_INSTRUCTIONS,MODIFIED_TIMESTAMP,TIMESTAMP_NTZ
CORE,FACT_EVENTS,BLOCK_TIMESTAMP,TIMESTAMP_NTZ
CORE,FACT_EVENTS,BLOCK_ID,NUMBER
CORE,FACT_EVENTS,TX_ID,TEXT
CORE,FACT_EVENTS,SIGNERS,ARRAY
CORE,FACT_EVENTS,SUCCEEDED,BOOLEAN
CORE,FACT_EVENTS,INDEX,NUMBER
CORE,FACT_EVENTS,EVENT_TYPE,TEXT
CORE,FACT_EVENTS,PROGRAM_ID,TEXT
CORE,FACT_EVENTS,INSTRUCTION,VARIANT
CORE,FACT_EVENTS,INNER_INSTRUCTION,VARIANT
CORE,FACT_EVENTS,FACT_EVENTS_ID,TEXT
CORE,FACT_EVENTS,INSERTED_TIMESTAMP,TIMESTAMP_NTZ
CORE,FACT_EVENTS,MODIFIED_TIMESTAMP,TIMESTAMP_NTZ
CORE,FACT_EVENTS_INNER,BLOCK_TIMESTAMP,TIMESTAMP_NTZ
CORE,FACT_EVENTS_INNER,BLOCK_ID,NUMBER
CORE,FACT_EVENTS_INNER,TX_ID,TEXT
CORE,FACT_EVENTS_INNER,SIGNERS,ARRAY
CORE,FACT_EVENTS_INNER,SUCCEEDED,BOOLEAN
CORE,FACT_EVENTS_INNER,INSTRUCTION_INDEX,NUMBER
CORE,FACT_EVENTS_INNER,INNER_INDEX,NUMBER
CORE,FACT_EVENTS_INNER,INSTRUCTION_PROGRAM_ID,TEXT
CORE,FACT_EVENTS_INNER,PROGRAM_ID,TEXT
CORE,FACT_EVENTS_INNER,EVENT_TYPE,TEXT
CORE,FACT_EVENTS_INNER,INSTRUCTION,VARIANT
CORE,FACT_EVENTS_INNER,_INSERTED_TIMESTAMP,TIMESTAMP_NTZ
CORE,FACT_EVENTS_INNER,FACT_EVENTS_INNER_ID,TEXT
CORE,FACT_EVENTS_INNER,INSERTED_TIMESTAMP,TIMESTAMP_NTZ
CORE,FACT_EVENTS_INNER,MODIFIED_TIMESTAMP,TIMESTAMP_NTZ
CORE,FACT_SOL_BALANCES,BLOCK_TIMESTAMP,TIMESTAMP_NTZ
CORE,FACT_SOL_BALANCES,BLOCK_ID,NUMBER
CORE,FACT_SOL_BALANCES,TX_ID,TEXT
CORE,FACT_SOL_BALANCES,SUCCEEDED,BOOLEAN
CORE,FACT_SOL_BALANCES,ACCOUNT_ADDRESS,TEXT
CORE,FACT_SOL_BALANCES,MINT,TEXT
CORE,FACT_SOL_BALANCES,OWNER,TEXT
CORE,FACT_SOL_BALANCES,PRE_BALANCE,FLOAT
CORE,FACT_SOL_BALANCES,BALANCE,FLOAT
CORE,FACT_SOL_BALANCES,FACT_SOL_BALANCES_ID,TEXT
CORE,FACT_SOL_BALANCES,INSERTED_TIMESTAMP,TIMESTAMP_NTZ
CORE,FACT_SOL_BALANCES,MODIFIED_TIMESTAMP,TIMESTAMP_NTZ
CORE,FACT_SOL_BALANCES,TX_INDEX,NUMBER
CORE,FACT_TOKEN_ACCOUNT_OWNERS,ACCOUNT_ADDRESS,TEXT
CORE,FACT_TOKEN_ACCOUNT_OWNERS,OWNER,TEXT
CORE,FACT_TOKEN_ACCOUNT_OWNERS,START_BLOCK_ID,NUMBER
CORE,FACT_TOKEN_ACCOUNT_OWNERS,END_BLOCK_ID,NUMBER
CORE,FACT_TOKEN_ACCOUNT_OWNERS,FACT_TOKEN_ACCOUNT_OWNERS_ID,TEXT
CORE,FACT_TOKEN_ACCOUNT_OWNERS,INSERTED_TIMESTAMP,TIMESTAMP_NTZ
CORE,FACT_TOKEN_ACCOUNT_OWNERS,MODIFIED_TIMESTAMP,TIMESTAMP_NTZ
CORE,FACT_TOKEN_BALANCES,BLOCK_TIMESTAMP,TIMESTAMP_NTZ
CORE,FACT_TOKEN_BALANCES,BLOCK_ID,NUMBER
CORE,FACT_TOKEN_BALANCES,TX_ID,TEXT
CORE,FACT_TOKEN_BALANCES,SUCCEEDED,BOOLEAN
CORE,FACT_TOKEN_BALANCES,ACCOUNT_ADDRESS,TEXT
CORE,FACT_TOKEN_BALANCES,MINT,TEXT
CORE,FACT_TOKEN_BALANCES,OWNER,TEXT
CORE,FACT_TOKEN_BALANCES,PRE_BALANCE,FLOAT
CORE,FACT_TOKEN_BALANCES,BALANCE,FLOAT
CORE,FACT_TOKEN_BALANCES,FACT_TOKEN_BALANCES_ID,TEXT
CORE,FACT_TOKEN_BALANCES,INSERTED_TIMESTAMP,TIMESTAMP_NTZ
CORE,FACT_TOKEN_BALANCES,MODIFIED_TIMESTAMP,TIMESTAMP_NTZ
CORE,FACT_TOKEN_BALANCES,TX_INDEX,NUMBER
CORE,FACT_TRANSACTIONS,BLOCK_TIMESTAMP,TIMESTAMP_NTZ
CORE,FACT_TRANSACTIONS,BLOCK_ID,NUMBER
CORE,FACT_TRANSACTIONS,TX_ID,TEXT
CORE,FACT_TRANSACTIONS,RECENT_BLOCK_HASH,TEXT
CORE,FACT_TRANSACTIONS,SIGNERS,ARRAY
CORE,FACT_TRANSACTIONS,FEE,NUMBER
CORE,FACT_TRANSACTIONS,SUCCEEDED,BOOLEAN
CORE,FACT_TRANSACTIONS,ACCOUNT_KEYS,ARRAY
CORE,FACT_TRANSACTIONS,PRE_BALANCES,ARRAY
CORE,FACT_TRANSACTIONS,POST_BALANCES,ARRAY
CORE,FACT_TRANSACTIONS,PRE_TOKEN_BALANCES,ARRAY
CORE,FACT_TRANSACTIONS,POST_TOKEN_BALANCES,ARRAY
CORE,FACT_TRANSACTIONS,INSTRUCTIONS,ARRAY
CORE,FACT_TRANSACTIONS,INNER_INSTRUCTIONS,ARRAY
CORE,FACT_TRANSACTIONS,LOG_MESSAGES,ARRAY
CORE,FACT_TRANSACTIONS,UNITS_CONSUMED,NUMBER
CORE,FACT_TRANSACTIONS,UNITS_LIMIT,NUMBER
CORE,FACT_TRANSACTIONS,TX_SIZE,NUMBER
CORE,FACT_TRANSACTIONS,TX_INDEX,NUMBER
CORE,FACT_TRANSACTIONS,FACT_TRANSACTIONS_ID,TEXT
CORE,FACT_TRANSACTIONS,INSERTED_TIMESTAMP,TIMESTAMP_NTZ
CORE,FACT_TRANSACTIONS,MODIFIED_TIMESTAMP,TIMESTAMP_NTZ
CORE,FACT_TRANSFERS,BLOCK_TIMESTAMP,TIMESTAMP_NTZ
CORE,FACT_TRANSFERS,BLOCK_ID,NUMBER
CORE,FACT_TRANSFERS,TX_ID,TEXT
CORE,FACT_TRANSFERS,INDEX,TEXT
CORE,FACT_TRANSFERS,TX_FROM,TEXT
CORE,FACT_TRANSFERS,TX_TO,TEXT
CORE,FACT_TRANSFERS,AMOUNT,FLOAT
CORE,FACT_TRANSFERS,MINT,TEXT
CORE,FACT_TRANSFERS,FACT_TRANSFERS_ID,TEXT
CORE,FACT_TRANSFERS,INSERTED_TIMESTAMP,TIMESTAMP_NTZ
CORE,FACT_TRANSFERS,MODIFIED_TIMESTAMP,TIMESTAMP_NTZ
DEFI,EZ_DEX_SWAPS,SWAP_PROGRAM,TEXT
DEFI,EZ_DEX_SWAPS,BLOCK_ID,NUMBER
DEFI,EZ_DEX_SWAPS,BLOCK_TIMESTAMP,TIMESTAMP_NTZ
DEFI,EZ_DEX_SWAPS,TX_ID,TEXT
DEFI,EZ_DEX_SWAPS,PROGRAM_ID,TEXT
DEFI,EZ_DEX_SWAPS,SWAPPER,TEXT
DEFI,EZ_DEX_SWAPS,SWAP_FROM_MINT,TEXT
DEFI,EZ_DEX_SWAPS,SWAP_FROM_SYMBOL,TEXT
DEFI,EZ_DEX_SWAPS,SWAP_FROM_AMOUNT,FLOAT
DEFI,EZ_DEX_SWAPS,SWAP_FROM_AMOUNT_USD,FLOAT
DEFI,EZ_DEX_SWAPS,SWAP_TO_MINT,TEXT
DEFI,EZ_DEX_SWAPS,SWAP_TO_SYMBOL,TEXT
DEFI,EZ_DEX_SWAPS,SWAP_TO_AMOUNT,FLOAT
DEFI,EZ_DEX_SWAPS,SWAP_TO_AMOUNT_USD,FLOAT
DEFI,EZ_DEX_SWAPS,_LOG_ID,TEXT
DEFI,EZ_DEX_SWAPS,INSERTED_TIMESTAMP,TIMESTAMP_NTZ
DEFI,EZ_DEX_SWAPS,MODIFIED_TIMESTAMP,TIMESTAMP_NTZ
DEFI,EZ_DEX_SWAPS,EZ_SWAPS_ID,TEXT
DEFI,EZ_LIQUIDITY_POOL_ACTIONS,BLOCK_ID,NUMBER
DEFI,EZ_LIQUIDITY_POOL_ACTIONS,BLOCK_TIMESTAMP,TIMESTAMP_NTZ
DEFI,EZ_LIQUIDITY_POOL_ACTIONS,TX_ID,TEXT
DEFI,EZ_LIQUIDITY_POOL_ACTIONS,INDEX,NUMBER
DEFI,EZ_LIQUIDITY_POOL_ACTIONS,INNER_INDEX,NUMBER
DEFI,EZ_LIQUIDITY_POOL_ACTIONS,ACTION_TYPE,TEXT
DEFI,EZ_LIQUIDITY_POOL_ACTIONS,PROVIDER_ADDRESS,TEXT
DEFI,EZ_LIQUIDITY_POOL_ACTIONS,TOKEN_A_MINT,TEXT
DEFI,EZ_LIQUIDITY_POOL_ACTIONS,TOKEN_A_SYMBOL,TEXT
DEFI,EZ_LIQUIDITY_POOL_ACTIONS,TOKEN_A_AMOUNT,FLOAT
DEFI,EZ_LIQUIDITY_POOL_ACTIONS,TOKEN_A_AMOUNT_USD,NUMBER
DEFI,EZ_LIQUIDITY_POOL_ACTIONS,TOKEN_B_MINT,TEXT
DEFI,EZ_LIQUIDITY_POOL_ACTIONS,TOKEN_B_SYMBOL,TEXT
DEFI,EZ_LIQUIDITY_POOL_ACTIONS,TOKEN_B_AMOUNT,FLOAT
DEFI,EZ_LIQUIDITY_POOL_ACTIONS,TOKEN_B_AMOUNT_USD,NUMBER
DEFI,EZ_LIQUIDITY_POOL_ACTIONS,TOKEN_C_MINT,TEXT
DEFI,EZ_LIQUIDITY_POOL_ACTIONS,TOKEN_C_SYMBOL,TEXT
DEFI,EZ_LIQUIDITY_POOL_ACTIONS,TOKEN_C_AMOUNT,FLOAT
DEFI,EZ_LIQUIDITY_POOL_ACTIONS,TOKEN_C_AMOUNT_USD,NUMBER
DEFI,EZ_LIQUIDITY_POOL_ACTIONS,TOKEN_D_MINT,TEXT
DEFI,EZ_LIQUIDITY_POOL_ACTIONS,TOKEN_D_SYMBOL,TEXT
DEFI,EZ_LIQUIDITY_POOL_ACTIONS,TOKEN_D_AMOUNT,FLOAT
DEFI,EZ_LIQUIDITY_POOL_ACTIONS,TOKEN_D_AMOUNT_USD,NUMBER
DEFI,EZ_LIQUIDITY_POOL_ACTIONS,POOL_ADDRESS,TEXT
DEFI,EZ_LIQUIDITY_POOL_ACTIONS,POOL_NAME,TEXT
DEFI,EZ_LIQUIDITY_POOL_ACTIONS,PROGRAM_ID,TEXT
DEFI,EZ_LIQUIDITY_POOL_ACTIONS,PLATFORM,TEXT
DEFI,EZ_LIQUIDITY_POOL_ACTIONS,EZ_LIQUIDITY_POOL_ACTIONS_ID,TEXT
DEFI,EZ_LIQUIDITY_POOL_ACTIONS,INSERTED_TIMESTAMP,TIMESTAMP_NTZ
DEFI,EZ_LIQUIDITY_POOL_ACTIONS,MODIFIED_TIMESTAMP,TIMESTAMP_NTZ
DEFI,FACT_BRIDGE_ACTIVITY,BLOCK_TIMESTAMP,TIMESTAMP_NTZ
DEFI,FACT_BRIDGE_ACTIVITY,BLOCK_ID,NUMBER
DEFI,FACT_BRIDGE_ACTIVITY,TX_ID,TEXT
DEFI,FACT_BRIDGE_ACTIVITY,SUCCEEDED,BOOLEAN
DEFI,FACT_BRIDGE_ACTIVITY,INDEX,NUMBER
DEFI,FACT_BRIDGE_ACTIVITY,PROGRAM_ID,TEXT
DEFI,FACT_BRIDGE_ACTIVITY,PLATFORM,TEXT
DEFI,FACT_BRIDGE_ACTIVITY,DIRECTION,TEXT
DEFI,FACT_BRIDGE_ACTIVITY,USER_ADDRESS,TEXT
DEFI,FACT_BRIDGE_ACTIVITY,AMOUNT,FLOAT
DEFI,FACT_BRIDGE_ACTIVITY,MINT,TEXT
DEFI,FACT_BRIDGE_ACTIVITY,FACT_BRIDGE_ACTIVITY_ID,TEXT
DEFI,FACT_BRIDGE_ACTIVITY,INSERTED_TIMESTAMP,TIMESTAMP_NTZ
DEFI,FACT_BRIDGE_ACTIVITY,MODIFIED_TIMESTAMP,TIMESTAMP_NTZ
DEFI,FACT_STAKE_POOL_ACTIONS,STAKE_POOL_NAME,TEXT
DEFI,FACT_STAKE_POOL_ACTIONS,TX_ID,TEXT
DEFI,FACT_STAKE_POOL_ACTIONS,BLOCK_ID,NUMBER
DEFI,FACT_STAKE_POOL_ACTIONS,BLOCK_TIMESTAMP,TIMESTAMP_NTZ
DEFI,FACT_STAKE_POOL_ACTIONS,INDEX,NUMBER
DEFI,FACT_STAKE_POOL_ACTIONS,SUCCEEDED,BOOLEAN
DEFI,FACT_STAKE_POOL_ACTIONS,ACTION,TEXT
DEFI,FACT_STAKE_POOL_ACTIONS,ADDRESS,TEXT
DEFI,FACT_STAKE_POOL_ACTIONS,STAKE_POOL,TEXT
DEFI,FACT_STAKE_POOL_ACTIONS,AMOUNT,VARIANT
DEFI,FACT_STAKE_POOL_ACTIONS,TOKEN,TEXT
DEFI,FACT_STAKE_POOL_ACTIONS,FACT_STAKE_POOL_ACTIONS_ID,TEXT
DEFI,FACT_STAKE_POOL_ACTIONS,INSERTED_TIMESTAMP,TIMESTAMP_NTZ
DEFI,FACT_STAKE_POOL_ACTIONS,MODIFIED_TIMESTAMP,TIMESTAMP_NTZ
DEFI,FACT_SWAPS,BLOCK_TIMESTAMP,TIMESTAMP_NTZ
DEFI,FACT_SWAPS,BLOCK_ID,NUMBER
DEFI,FACT_SWAPS,TX_ID,TEXT
DEFI,FACT_SWAPS,SUCCEEDED,BOOLEAN
DEFI,FACT_SWAPS,SWAPPER,TEXT
DEFI,FACT_SWAPS,SWAP_FROM_AMOUNT,FLOAT
DEFI,FACT_SWAPS,SWAP_FROM_MINT,TEXT
DEFI,FACT_SWAPS,SWAP_TO_AMOUNT,FLOAT
DEFI,FACT_SWAPS,SWAP_TO_MINT,TEXT
DEFI,FACT_SWAPS,PROGRAM_ID,TEXT
DEFI,FACT_SWAPS,SWAP_PROGRAM,TEXT
DEFI,FACT_SWAPS,_LOG_ID,TEXT
DEFI,FACT_SWAPS,FACT_SWAPS_ID,TEXT
DEFI,FACT_SWAPS,INSERTED_TIMESTAMP,TIMESTAMP_NTZ
DEFI,FACT_SWAPS,MODIFIED_TIMESTAMP,TIMESTAMP_NTZ
DEFI,FACT_SWAPS_JUPITER_INNER,BLOCK_TIMESTAMP,TIMESTAMP_NTZ
DEFI,FACT_SWAPS_JUPITER_INNER,BLOCK_ID,NUMBER
DEFI,FACT_SWAPS_JUPITER_INNER,TX_ID,TEXT
DEFI,FACT_SWAPS_JUPITER_INNER,INDEX,NUMBER
DEFI,FACT_SWAPS_JUPITER_INNER,INNER_INDEX,NUMBER
DEFI,FACT_SWAPS_JUPITER_INNER,SWAP_INDEX,NUMBER
DEFI,FACT_SWAPS_JUPITER_INNER,SUCCEEDED,BOOLEAN
DEFI,FACT_SWAPS_JUPITER_INNER,SWAPPER,TEXT
DEFI,FACT_SWAPS_JUPITER_INNER,SWAP_FROM_MINT,TEXT
DEFI,FACT_SWAPS_JUPITER_INNER,SWAP_FROM_AMOUNT,FLOAT
DEFI,FACT_SWAPS_JUPITER_INNER,SWAP_TO_MINT,TEXT
DEFI,FACT_SWAPS_JUPITER_INNER,SWAP_TO_AMOUNT,FLOAT
DEFI,FACT_SWAPS_JUPITER_INNER,SWAP_PROGRAM_ID,TEXT
DEFI,FACT_SWAPS_JUPITER_INNER,AGGREGATOR_PROGRAM_ID,TEXT
DEFI,FACT_SWAPS_JUPITER_INNER,FACT_SWAPS_JUPITER_INNER_ID,TEXT
DEFI,FACT_SWAPS_JUPITER_INNER,INSERTED_TIMESTAMP,TIMESTAMP_NTZ
DEFI,FACT_SWAPS_JUPITER_INNER,MODIFIED_TIMESTAMP,TIMESTAMP_NTZ
DEFI,FACT_SWAPS_JUPITER_SUMMARY,BLOCK_TIMESTAMP,TIMESTAMP_NTZ
DEFI,FACT_SWAPS_JUPITER_SUMMARY,BLOCK_ID,NUMBER
DEFI,FACT_SWAPS_JUPITER_SUMMARY,TX_ID,TEXT
DEFI,FACT_SWAPS_JUPITER_SUMMARY,INDEX,NUMBER
DEFI,FACT_SWAPS_JUPITER_SUMMARY,INNER_INDEX,NUMBER
DEFI,FACT_SWAPS_JUPITER_SUMMARY,SWAP_INDEX,NUMBER
DEFI,FACT_SWAPS_JUPITER_SUMMARY,SUCCEEDED,BOOLEAN
DEFI,FACT_SWAPS_JUPITER_SUMMARY,SWAPPER,TEXT
DEFI,FACT_SWAPS_JUPITER_SUMMARY,SWAP_FROM_MINT,TEXT
DEFI,FACT_SWAPS_JUPITER_SUMMARY,SWAP_FROM_AMOUNT,FLOAT
DEFI,FACT_SWAPS_JUPITER_SUMMARY,SWAP_TO_MINT,TEXT
DEFI,FACT_SWAPS_JUPITER_SUMMARY,SWAP_TO_AMOUNT,FLOAT
DEFI,FACT_SWAPS_JUPITER_SUMMARY,PROGRAM_ID,TEXT
DEFI,FACT_SWAPS_JUPITER_SUMMARY,IS_DCA_SWAP,BOOLEAN
DEFI,FACT_SWAPS_JUPITER_SUMMARY,DCA_REQUESTER,TEXT
DEFI,FACT_SWAPS_JUPITER_SUMMARY,IS_LIMIT_SWAP,BOOLEAN
DEFI,FACT_SWAPS_JUPITER_SUMMARY,LIMIT_REQUESTER,TEXT
DEFI,FACT_SWAPS_JUPITER_SUMMARY,FACT_SWAPS_JUPITER_SUMMARY_ID,TEXT
DEFI,FACT_SWAPS_JUPITER_SUMMARY,INSERTED_TIMESTAMP,TIMESTAMP_NTZ
DEFI,FACT_SWAPS_JUPITER_SUMMARY,MODIFIED_TIMESTAMP,TIMESTAMP_NTZ
DEFI,FACT_TOKEN_BURN_ACTIONS,BLOCK_ID,NUMBER
DEFI,FACT_TOKEN_BURN_ACTIONS,BLOCK_TIMESTAMP,TIMESTAMP_NTZ
DEFI,FACT_TOKEN_BURN_ACTIONS,TX_ID,TEXT
DEFI,FACT_TOKEN_BURN_ACTIONS,SUCCEEDED,BOOLEAN
DEFI,FACT_TOKEN_BURN_ACTIONS,INDEX,NUMBER
DEFI,FACT_TOKEN_BURN_ACTIONS,INNER_INDEX,NUMBER
DEFI,FACT_TOKEN_BURN_ACTIONS,EVENT_TYPE,TEXT
DEFI,FACT_TOKEN_BURN_ACTIONS,MINT,TEXT
DEFI,FACT_TOKEN_BURN_ACTIONS,BURN_AMOUNT,NUMBER
DEFI,FACT_TOKEN_BURN_ACTIONS,BURN_AUTHORITY,TEXT
DEFI,FACT_TOKEN_BURN_ACTIONS,TOKEN_ACCOUNT,TEXT
DEFI,FACT_TOKEN_BURN_ACTIONS,SIGNERS,TEXT
DEFI,FACT_TOKEN_BURN_ACTIONS,DECIMAL,NUMBER
DEFI,FACT_TOKEN_BURN_ACTIONS,MINT_STANDARD_TYPE,TEXT
DEFI,FACT_TOKEN_BURN_ACTIONS,FACT_TOKEN_BURN_ACTIONS_ID,TEXT
DEFI,FACT_TOKEN_BURN_ACTIONS,INSERTED_TIMESTAMP,TIMESTAMP_NTZ
DEFI,FACT_TOKEN_BURN_ACTIONS,MODIFIED_TIMESTAMP,TIMESTAMP_NTZ
DEFI,FACT_TOKEN_MINT_ACTIONS,BLOCK_ID,NUMBER
DEFI,FACT_TOKEN_MINT_ACTIONS,BLOCK_TIMESTAMP,TIMESTAMP_NTZ
DEFI,FACT_TOKEN_MINT_ACTIONS,TX_ID,TEXT
DEFI,FACT_TOKEN_MINT_ACTIONS,SUCCEEDED,BOOLEAN
DEFI,FACT_TOKEN_MINT_ACTIONS,INDEX,NUMBER
DEFI,FACT_TOKEN_MINT_ACTIONS,INNER_INDEX,NUMBER
DEFI,FACT_TOKEN_MINT_ACTIONS,EVENT_TYPE,TEXT
DEFI,FACT_TOKEN_MINT_ACTIONS,MINT,TEXT
DEFI,FACT_TOKEN_MINT_ACTIONS,MINT_AMOUNT,NUMBER
DEFI,FACT_TOKEN_MINT_ACTIONS,MINT_AUTHORITY,TEXT
DEFI,FACT_TOKEN_MINT_ACTIONS,TOKEN_ACCOUNT,TEXT
DEFI,FACT_TOKEN_MINT_ACTIONS,SIGNERS,TEXT
DEFI,FACT_TOKEN_MINT_ACTIONS,DECIMAL,NUMBER
DEFI,FACT_TOKEN_MINT_ACTIONS,MINT_STANDARD_TYPE,TEXT
DEFI,FACT_TOKEN_MINT_ACTIONS,FACT_TOKEN_MINT_ACTIONS_ID,TEXT
DEFI,FACT_TOKEN_MINT_ACTIONS,INSERTED_TIMESTAMP,TIMESTAMP_NTZ
DEFI,FACT_TOKEN_MINT_ACTIONS,MODIFIED_TIMESTAMP,TIMESTAMP_NTZ
GOV,DIM_EPOCH,EPOCH,NUMBER
GOV,DIM_EPOCH,START_BLOCK,NUMBER
GOV,DIM_EPOCH,END_BLOCK,NUMBER
GOV,DIM_EPOCH,DIM_EPOCH_ID,TEXT
GOV,DIM_EPOCH,MODIFIED_TIMESTAMP,TIMESTAMP_NTZ
GOV,DIM_EPOCH,INSERTED_TIMESTAMP,TIMESTAMP_NTZ
GOV,EZ_STAKING_LP_ACTIONS,BLOCK_ID,NUMBER
GOV,EZ_STAKING_LP_ACTIONS,BLOCK_TIMESTAMP,TIMESTAMP_NTZ
GOV,EZ_STAKING_LP_ACTIONS,TX_ID,TEXT
GOV,EZ_STAKING_LP_ACTIONS,SUCCEEDED,BOOLEAN
GOV,EZ_STAKING_LP_ACTIONS,INDEX,NUMBER
GOV,EZ_STAKING_LP_ACTIONS,INNER_INDEX,NUMBER
GOV,EZ_STAKING_LP_ACTIONS,EVENT_TYPE,TEXT
GOV,EZ_STAKING_LP_ACTIONS,SIGNERS,ARRAY
GOV,EZ_STAKING_LP_ACTIONS,STAKE_AUTHORITY,TEXT
GOV,EZ_STAKING_LP_ACTIONS,WITHDRAW_AUTHORITY,TEXT
GOV,EZ_STAKING_LP_ACTIONS,STAKE_ACCOUNT,TEXT
GOV,EZ_STAKING_LP_ACTIONS,STAKE_ACTIVE,BOOLEAN
GOV,EZ_STAKING_LP_ACTIONS,PRE_TX_STAKED_BALANCE,NUMBER
GOV,EZ_STAKING_LP_ACTIONS,POST_TX_STAKED_BALANCE,NUMBER
GOV,EZ_STAKING_LP_ACTIONS,WITHDRAW_AMOUNT,NUMBER
GOV,EZ_STAKING_LP_ACTIONS,WITHDRAW_DESTINATION,TEXT
GOV,EZ_STAKING_LP_ACTIONS,MOVE_AMOUNT,NUMBER
GOV,EZ_STAKING_LP_ACTIONS,MOVE_DESTINATION,TEXT
GOV,EZ_STAKING_LP_ACTIONS,VOTE_ACCOUNT,TEXT
GOV,EZ_STAKING_LP_ACTIONS,NODE_PUBKEY,TEXT
GOV,EZ_STAKING_LP_ACTIONS,VALIDATOR_RANK,NUMBER
GOV,EZ_STAKING_LP_ACTIONS,COMMISSION,NUMBER
GOV,EZ_STAKING_LP_ACTIONS,VALIDATOR_NAME,TEXT
GOV,EZ_STAKING_LP_ACTIONS,EZ_STAKING_LP_ACTIONS_ID,TEXT
GOV,EZ_STAKING_LP_ACTIONS,MODIFIED_TIMESTAMP,TIMESTAMP_NTZ
GOV,EZ_STAKING_LP_ACTIONS,INSERTED_TIMESTAMP,TIMESTAMP_NTZ
GOV,FACT_BLOCK_PRODUCTION,EPOCH,NUMBER
GOV,FACT_BLOCK_PRODUCTION,NODE_PUBKEY,TEXT
GOV,FACT_BLOCK_PRODUCTION,NUM_LEADER_SLOTS,NUMBER
GOV,FACT_BLOCK_PRODUCTION,NUM_BLOCKS_PRODUCED,NUMBER
GOV,FACT_BLOCK_PRODUCTION,START_SLOT,NUMBER
GOV,FACT_BLOCK_PRODUCTION,END_SLOT,NUMBER
GOV,FACT_BLOCK_PRODUCTION,FACT_BLOCK_PRODUCTION_ID,TEXT
GOV,FACT_BLOCK_PRODUCTION,INSERTED_TIMESTAMP,TIMESTAMP_NTZ
GOV,FACT_BLOCK_PRODUCTION,MODIFIED_TIMESTAMP,TIMESTAMP_NTZ
GOV,FACT_GAUGES_CREATES,PROGRAM_NAME,TEXT
GOV,FACT_GAUGES_CREATES,BLOCK_TIMESTAMP,TIMESTAMP_NTZ
GOV,FACT_GAUGES_CREATES,BLOCK_ID,NUMBER
GOV,FACT_GAUGES_CREATES,TX_ID,TEXT
GOV,FACT_GAUGES_CREATES,SUCCEEDED,BOOLEAN
GOV,FACT_GAUGES_CREATES,SIGNER,TEXT
GOV,FACT_GAUGES_CREATES,GAUGE,TEXT
GOV,FACT_GAUGES_CREATES,GAUGEMEISTER,TEXT
GOV,FACT_GAUGES_CREATES,VALIDATOR_ACCOUNT,TEXT
GOV,FACT_GAUGES_CREATES,FACT_GAUGES_CREATES_ID,TEXT
GOV,FACT_GAUGES_CREATES,INSERTED_TIMESTAMP,TEXT
GOV,FACT_GAUGES_CREATES,MODIFIED_TIMESTAMP,TEXT
GOV,FACT_GAUGES_VOTES,PROGRAM_NAME,TEXT
GOV,FACT_GAUGES_VOTES,BLOCK_TIMESTAMP,TIMESTAMP_NTZ
GOV,FACT_GAUGES_VOTES,BLOCK_ID,NUMBER
GOV,FACT_GAUGES_VOTES,TX_ID,TEXT
GOV,FACT_GAUGES_VOTES,SUCCEEDED,BOOLEAN
GOV,FACT_GAUGES_VOTES,VOTER,TEXT
GOV,FACT_GAUGES_VOTES,VOTER_NFT,TEXT
GOV,FACT_GAUGES_VOTES,GAUGE,TEXT
GOV,FACT_GAUGES_VOTES,POWER,NUMBER
GOV,FACT_GAUGES_VOTES,DELEGATED_SHARES,NUMBER
GOV,FACT_GAUGES_VOTES,FACT_GAUGES_VOTES_ID,TEXT
GOV,FACT_GAUGES_VOTES,INSERTED_TIMESTAMP,TIMESTAMP_NTZ
GOV,FACT_GAUGES_VOTES,MODIFIED_TIMESTAMP,TIMESTAMP_NTZ
GOV,FACT_GOV_ACTIONS,PROGRAM_NAME,TEXT
GOV,FACT_GOV_ACTIONS,BLOCK_TIMESTAMP,TIMESTAMP_NTZ
GOV,FACT_GOV_ACTIONS,BLOCK_ID,NUMBER
GOV,FACT_GOV_ACTIONS,TX_ID,TEXT
GOV,FACT_GOV_ACTIONS,SUCCEEDED,BOOLEAN
GOV,FACT_GOV_ACTIONS,SIGNER,TEXT
GOV,FACT_GOV_ACTIONS,LOCKER_ACCOUNT,TEXT
GOV,FACT_GOV_ACTIONS,LOCKER_NFT,TEXT
GOV,FACT_GOV_ACTIONS,MINT,TEXT
GOV,FACT_GOV_ACTIONS,ACTION,TEXT
GOV,FACT_GOV_ACTIONS,AMOUNT,FLOAT
GOV,FACT_GOV_ACTIONS,FACT_GOV_ACTIONS_ID,TEXT
GOV,FACT_GOV_ACTIONS,INSERTED_TIMESTAMP,TIMESTAMP_NTZ
GOV,FACT_GOV_ACTIONS,MODIFIED_TIMESTAMP,TIMESTAMP_NTZ
GOV,FACT_PROPOSAL_CREATION,GOVERNANCE_PLATFORM,TEXT
GOV,FACT_PROPOSAL_CREATION,PROGRAM_NAME,TEXT
GOV,FACT_PROPOSAL_CREATION,BLOCK_TIMESTAMP,TIMESTAMP_NTZ
GOV,FACT_PROPOSAL_CREATION,BLOCK_ID,NUMBER
GOV,FACT_PROPOSAL_CREATION,TX_ID,TEXT
GOV,FACT_PROPOSAL_CREATION,SUCCEEDED,BOOLEAN
GOV,FACT_PROPOSAL_CREATION,REALMS_ID,TEXT
GOV,FACT_PROPOSAL_CREATION,PROPOSAL,TEXT
GOV,FACT_PROPOSAL_CREATION,PROPOSAL_WRITER,TEXT
GOV,FACT_PROPOSAL_CREATION,PROPOSAL_NAME,TEXT
GOV,FACT_PROPOSAL_CREATION,VOTE_TYPE,TEXT
GOV,FACT_PROPOSAL_CREATION,VOTE_OPTIONS,TEXT
GOV,FACT_PROPOSAL_CREATION,FACT_PROPOSAL_CREATION_ID,TEXT
GOV,FACT_PROPOSAL_CREATION,INSERTED_TIMESTAMP,TIMESTAMP_NTZ
GOV,FACT_PROPOSAL_CREATION,MODIFIED_TIMESTAMP,TIMESTAMP_NTZ
GOV,FACT_PROPOSAL_VOTES,GOVERNANCE_PLATFORM,TEXT
GOV,FACT_PROPOSAL_VOTES,PROGRAM_NAME,TEXT
GOV,FACT_PROPOSAL_VOTES,BLOCK_TIMESTAMP,TIMESTAMP_NTZ
GOV,FACT_PROPOSAL_VOTES,BLOCK_ID,NUMBER
GOV,FACT_PROPOSAL_VOTES,TX_ID,TEXT
GOV,FACT_PROPOSAL_VOTES,SUCCEEDED,BOOLEAN
GOV,FACT_PROPOSAL_VOTES,VOTER,TEXT
GOV,FACT_PROPOSAL_VOTES,VOTER_ACCOUNT,TEXT
GOV,FACT_PROPOSAL_VOTES,VOTER_NFT,TEXT
GOV,FACT_PROPOSAL_VOTES,PROPOSAL,TEXT
GOV,FACT_PROPOSAL_VOTES,REALMS_ID,TEXT
GOV,FACT_PROPOSAL_VOTES,VOTE_CHOICE,TEXT
GOV,FACT_PROPOSAL_VOTES,VOTE_RANK,NUMBER
GOV,FACT_PROPOSAL_VOTES,VOTE_WEIGHT,NUMBER
GOV,FACT_PROPOSAL_VOTES,FACT_PROPOSAL_VOTES_ID,TEXT
GOV,FACT_PROPOSAL_VOTES,INSERTED_TIMESTAMP,TIMESTAMP_NTZ
GOV,FACT_PROPOSAL_VOTES,MODIFIED_TIMESTAMP,TIMESTAMP_NTZ
GOV,FACT_REWARDS_FEE,BLOCK_TIMESTAMP,TIMESTAMP_NTZ
GOV,FACT_REWARDS_FEE,BLOCK_ID,NUMBER
GOV,FACT_REWARDS_FEE,PUBKEY,TEXT
GOV,FACT_REWARDS_FEE,EPOCH_EARNED,NUMBER
GOV,FACT_REWARDS_FEE,REWARD_AMOUNT_SOL,FLOAT
GOV,FACT_REWARDS_FEE,POST_BALANCE_SOL,FLOAT
GOV,FACT_REWARDS_FEE,FACT_REWARDS_FEE_ID,TEXT
GOV,FACT_REWARDS_FEE,MODIFIED_TIMESTAMP,TIMESTAMP_NTZ
GOV,FACT_REWARDS_FEE,INSERTED_TIMESTAMP,TIMESTAMP_NTZ
GOV,FACT_REWARDS_FEE,DIM_EPOCH_ID,TEXT
GOV,FACT_REWARDS_RENT,BLOCK_TIMESTAMP,TIMESTAMP_NTZ
GOV,FACT_REWARDS_RENT,BLOCK_ID,NUMBER
GOV,FACT_REWARDS_RENT,VOTE_PUBKEY,TEXT
GOV,FACT_REWARDS_RENT,EPOCH_EARNED,NUMBER
GOV,FACT_REWARDS_RENT,REWARD_AMOUNT_SOL,FLOAT
GOV,FACT_REWARDS_RENT,POST_BALANCE_SOL,FLOAT
GOV,FACT_REWARDS_RENT,FACT_REWARDS_RENT_ID,TEXT
GOV,FACT_REWARDS_RENT,MODIFIED_TIMESTAMP,TIMESTAMP_NTZ
GOV,FACT_REWARDS_RENT,INSERTED_TIMESTAMP,TIMESTAMP_NTZ
GOV,FACT_REWARDS_RENT,DIM_EPOCH_ID,TEXT
GOV,FACT_REWARDS_STAKING,BLOCK_TIMESTAMP,TIMESTAMP_NTZ
GOV,FACT_REWARDS_STAKING,BLOCK_ID,NUMBER
GOV,FACT_REWARDS_STAKING,STAKE_PUBKEY,TEXT
GOV,FACT_REWARDS_STAKING,EPOCH_EARNED,NUMBER
GOV,FACT_REWARDS_STAKING,REWARD_AMOUNT_SOL,FLOAT
GOV,FACT_REWARDS_STAKING,POST_BALANCE_SOL,FLOAT
GOV,FACT_REWARDS_STAKING,FACT_REWARDS_STAKING_ID,TEXT
GOV,FACT_REWARDS_STAKING,MODIFIED_TIMESTAMP,TIMESTAMP_NTZ
GOV,FACT_REWARDS_STAKING,INSERTED_TIMESTAMP,TIMESTAMP_NTZ
GOV,FACT_REWARDS_STAKING,DIM_EPOCH_ID,TEXT
GOV,FACT_REWARDS_VOTING,BLOCK_TIMESTAMP,TIMESTAMP_NTZ
GOV,FACT_REWARDS_VOTING,BLOCK_ID,NUMBER
GOV,FACT_REWARDS_VOTING,VOTE_PUBKEY,TEXT
GOV,FACT_REWARDS_VOTING,EPOCH_EARNED,NUMBER
GOV,FACT_REWARDS_VOTING,REWARD_AMOUNT_SOL,FLOAT
GOV,FACT_REWARDS_VOTING,POST_BALANCE_SOL,FLOAT
GOV,FACT_REWARDS_VOTING,FACT_REWARDS_VOTING_ID,TEXT
GOV,FACT_REWARDS_VOTING,MODIFIED_TIMESTAMP,TIMESTAMP_NTZ
GOV,FACT_REWARDS_VOTING,INSERTED_TIMESTAMP,TIMESTAMP_NTZ
GOV,FACT_REWARDS_VOTING,DIM_EPOCH_ID,TEXT
GOV,FACT_STAKE_ACCOUNTS,EPOCH,NUMBER
GOV,FACT_STAKE_ACCOUNTS,STAKE_PUBKEY,TEXT
GOV,FACT_STAKE_ACCOUNTS,VOTE_PUBKEY,TEXT
GOV,FACT_STAKE_ACCOUNTS,AUTHORIZED_STAKER,TEXT
GOV,FACT_STAKE_ACCOUNTS,AUTHORIZED_WITHDRAWER,TEXT
GOV,FACT_STAKE_ACCOUNTS,LOCKUP,OBJECT
GOV,FACT_STAKE_ACCOUNTS,RENT_EXEMPT_RESERVE,NUMBER
GOV,FACT_STAKE_ACCOUNTS,CREDITS_OBSERVED,NUMBER
GOV,FACT_STAKE_ACCOUNTS,ACTIVATION_EPOCH,NUMBER
GOV,FACT_STAKE_ACCOUNTS,DEACTIVATION_EPOCH,NUMBER
GOV,FACT_STAKE_ACCOUNTS,ACTIVE_STAKE,FLOAT
GOV,FACT_STAKE_ACCOUNTS,WARMUP_COOLDOWN_RATE,NUMBER
GOV,FACT_STAKE_ACCOUNTS,TYPE_STAKE,TEXT
GOV,FACT_STAKE_ACCOUNTS,PROGRAM,TEXT
GOV,FACT_STAKE_ACCOUNTS,ACCOUNT_SOL,FLOAT
GOV,FACT_STAKE_ACCOUNTS,RENT_EPOCH,NUMBER
GOV,FACT_STAKE_ACCOUNTS,FACT_STAKE_ACCOUNTS_ID,TEXT
GOV,FACT_STAKE_ACCOUNTS,INSERTED_TIMESTAMP,TIMESTAMP_NTZ
GOV,FACT_STAKE_ACCOUNTS,MODIFIED_TIMESTAMP,TIMESTAMP_NTZ
GOV,FACT_STAKING_LP_ACTIONS,BLOCK_TIMESTAMP,TIMESTAMP_NTZ
GOV,FACT_STAKING_LP_ACTIONS,BLOCK_ID,NUMBER
GOV,FACT_STAKING_LP_ACTIONS,TX_ID,TEXT
GOV,FACT_STAKING_LP_ACTIONS,SUCCEEDED,BOOLEAN
GOV,FACT_STAKING_LP_ACTIONS,INDEX,NUMBER
GOV,FACT_STAKING_LP_ACTIONS,INNER_INDEX,NUMBER
GOV,FACT_STAKING_LP_ACTIONS,EVENT_TYPE,TEXT
GOV,FACT_STAKING_LP_ACTIONS,PROGRAM_ID,TEXT
GOV,FACT_STAKING_LP_ACTIONS,SIGNERS,ARRAY
GOV,FACT_STAKING_LP_ACTIONS,ACCOUNT_KEYS,ARRAY
GOV,FACT_STAKING_LP_ACTIONS,INSTRUCTION,VARIANT
GOV,FACT_STAKING_LP_ACTIONS,INNER_INSTRUCTION,VARIANT
GOV,FACT_STAKING_LP_ACTIONS,PRE_BALANCES,ARRAY
GOV,FACT_STAKING_LP_ACTIONS,POST_BALANCES,ARRAY
GOV,FACT_STAKING_LP_ACTIONS,PRE_TOKEN_BALANCES,ARRAY
GOV,FACT_STAKING_LP_ACTIONS,POST_TOKEN_BALANCES,ARRAY
GOV,FACT_STAKING_LP_ACTIONS,FACT_STAKING_LP_ACTIONS_ID,TEXT
GOV,FACT_STAKING_LP_ACTIONS,INSERTED_TIMESTAMP,TIMESTAMP_NTZ
GOV,FACT_STAKING_LP_ACTIONS,MODIFIED_TIMESTAMP,TIMESTAMP_NTZ
GOV,FACT_VALIDATORS,EPOCH,NUMBER
GOV,FACT_VALIDATORS,NODE_PUBKEY,TEXT
GOV,FACT_VALIDATORS,VOTE_PUBKEY,TEXT
GOV,FACT_VALIDATORS,ACTIVE_STAKE,NUMBER
GOV,FACT_VALIDATORS,ADMIN_WARNING,TEXT
GOV,FACT_VALIDATORS,AVATAR_URL,TEXT
GOV,FACT_VALIDATORS,COMMISSION,NUMBER
GOV,FACT_VALIDATORS,CREATED_AT,TEXT
GOV,FACT_VALIDATORS,DATA_CENTER_HOST,TEXT
GOV,FACT_VALIDATORS,DATA_CENTER_KEY,TEXT
GOV,FACT_VALIDATORS,DELINQUENT,BOOLEAN
GOV,FACT_VALIDATORS,DETAILS,TEXT
GOV,FACT_VALIDATORS,EPOCH_ACTIVE,NUMBER
GOV,FACT_VALIDATORS,EPOCH_CREDITS,NUMBER
GOV,FACT_VALIDATORS,KEYBASE_ID,TEXT
GOV,FACT_VALIDATORS,LATITUDE,TEXT
GOV,FACT_VALIDATORS,LONGITUDE,TEXT
GOV,FACT_VALIDATORS,VALIDATOR_NAME,TEXT
GOV,FACT_VALIDATORS,SOFTWARE_VERSION,TEXT
GOV,FACT_VALIDATORS,UPDATED_AT,TEXT
GOV,FACT_VALIDATORS,WWW_URL,TEXT
GOV,FACT_VALIDATORS,FACT_VALIDATORS_ID,TEXT
GOV,FACT_VALIDATORS,INSERTED_TIMESTAMP,TIMESTAMP_NTZ
GOV,FACT_VALIDATORS,MODIFIED_TIMESTAMP,TIMESTAMP_NTZ
GOV,FACT_VOTES_AGG_BLOCK,BLOCK_TIMESTAMP,TIMESTAMP_NTZ
GOV,FACT_VOTES_AGG_BLOCK,BLOCK_ID,NUMBER
GOV,FACT_VOTES_AGG_BLOCK,NUM_VOTES,NUMBER
GOV,FACT_VOTES_AGG_BLOCK,FACT_VOTES_AGG_BLOCK_ID,TEXT
GOV,FACT_VOTES_AGG_BLOCK,INSERTED_TIMESTAMP,TIMESTAMP_NTZ
GOV,FACT_VOTES_AGG_BLOCK,MODIFIED_TIMESTAMP,TIMESTAMP_NTZ
GOV,FACT_VOTE_ACCOUNTS,EPOCH,NUMBER
GOV,FACT_VOTE_ACCOUNTS,VOTE_PUBKEY,TEXT
GOV,FACT_VOTE_ACCOUNTS,NODE_PUBKEY,TEXT
GOV,FACT_VOTE_ACCOUNTS,AUTHORIZED_VOTER,TEXT
GOV,FACT_VOTE_ACCOUNTS,AUTHORIZED_WITHDRAWER,TEXT
GOV,FACT_VOTE_ACCOUNTS,COMMISSION,NUMBER
GOV,FACT_VOTE_ACCOUNTS,EPOCH_CREDITS,ARRAY
GOV,FACT_VOTE_ACCOUNTS,LAST_EPOCH_ACTIVE,NUMBER
GOV,FACT_VOTE_ACCOUNTS,LAST_TIMESTAMP_SLOT,NUMBER
GOV,FACT_VOTE_ACCOUNTS,LAST_TIMESTAMP,TIMESTAMP_TZ
GOV,FACT_VOTE_ACCOUNTS,PRIOR_VOTERS,ARRAY
GOV,FACT_VOTE_ACCOUNTS,ROOT_SLOT,NUMBER
GOV,FACT_VOTE_ACCOUNTS,VOTES,ARRAY
GOV,FACT_VOTE_ACCOUNTS,ACCOUNT_SOL,FLOAT
GOV,FACT_VOTE_ACCOUNTS,OWNER,TEXT
GOV,FACT_VOTE_ACCOUNTS,RENT_EPOCH,NUMBER
GOV,FACT_VOTE_ACCOUNTS,FACT_VOTE_ACCOUNTS_ID,TEXT
GOV,FACT_VOTE_ACCOUNTS,INSERTED_TIMESTAMP,TIMESTAMP_NTZ
GOV,FACT_VOTE_ACCOUNTS,MODIFIED_TIMESTAMP,TIMESTAMP_NTZ
MARINADE,DIM_POOLS,POOL_ADDRESS,TEXT
MARINADE,DIM_POOLS,POOL_NAME,TEXT
MARINADE,DIM_POOLS,POOL_TOKEN_MINT,TEXT
MARINADE,DIM_POOLS,TOKEN_A_MINT,TEXT
MARINADE,DIM_POOLS,TOKEN_A_SYMBOL,TEXT
MARINADE,DIM_POOLS,TOKEN_A_ACCOUNT,TEXT
MARINADE,DIM_POOLS,TOKEN_B_MINT,TEXT
MARINADE,DIM_POOLS,TOKEN_B_SYMBOL,TEXT
MARINADE,DIM_POOLS,TOKEN_B_ACCOUNT,TEXT
MARINADE,DIM_POOLS,INITIALIZED_AT_BLOCK_ID,NUMBER
MARINADE,DIM_POOLS,INITIALIZED_AT_BLOCK_TIMESTAMP,TIMESTAMP_NTZ
MARINADE,DIM_POOLS,INITIALIZED_AT_TX_ID,TEXT
MARINADE,DIM_POOLS,INITIALIZED_AT_INDEX,NUMBER
MARINADE,DIM_POOLS,INITIALIZED_AT_INNER_INDEX,NUMBER
MARINADE,DIM_POOLS,IS_MSOL_POOL,BOOLEAN
MARINADE,DIM_POOLS,IS_MNDE_POOL,BOOLEAN
MARINADE,DIM_POOLS,PROGRAM_ID,TEXT
MARINADE,DIM_POOLS,PLATFORM,TEXT
MARINADE,DIM_POOLS,DIM_POOLS_ID,TEXT
MARINADE,DIM_POOLS,INSERTED_TIMESTAMP,TIMESTAMP_NTZ
MARINADE,DIM_POOLS,MODIFIED_TIMESTAMP,TIMESTAMP_NTZ
MARINADE,EZ_LIQUIDITY_POOL_ACTIONS,BLOCK_ID,NUMBER
MARINADE,EZ_LIQUIDITY_POOL_ACTIONS,BLOCK_TIMESTAMP,TIMESTAMP_NTZ
MARINADE,EZ_LIQUIDITY_POOL_ACTIONS,TX_ID,TEXT
MARINADE,EZ_LIQUIDITY_POOL_ACTIONS,INDEX,NUMBER
MARINADE,EZ_LIQUIDITY_POOL_ACTIONS,INNER_INDEX,NUMBER
MARINADE,EZ_LIQUIDITY_POOL_ACTIONS,ACTION_TYPE,TEXT
MARINADE,EZ_LIQUIDITY_POOL_ACTIONS,PROVIDER_ADDRESS,TEXT
MARINADE,EZ_LIQUIDITY_POOL_ACTIONS,TOKEN_A_MINT,TEXT
MARINADE,EZ_LIQUIDITY_POOL_ACTIONS,TOKEN_A_SYMBOL,TEXT
MARINADE,EZ_LIQUIDITY_POOL_ACTIONS,TOKEN_A_AMOUNT,FLOAT
MARINADE,EZ_LIQUIDITY_POOL_ACTIONS,TOKEN_A_AMOUNT_USD,NUMBER
MARINADE,EZ_LIQUIDITY_POOL_ACTIONS,TOKEN_B_MINT,TEXT
MARINADE,EZ_LIQUIDITY_POOL_ACTIONS,TOKEN_B_SYMBOL,TEXT
MARINADE,EZ_LIQUIDITY_POOL_ACTIONS,TOKEN_B_AMOUNT,FLOAT
MARINADE,EZ_LIQUIDITY_POOL_ACTIONS,TOKEN_B_AMOUNT_USD,NUMBER
MARINADE,EZ_LIQUIDITY_POOL_ACTIONS,POOL_ADDRESS,TEXT
MARINADE,EZ_LIQUIDITY_POOL_ACTIONS,POOL_NAME,TEXT
MARINADE,EZ_LIQUIDITY_POOL_ACTIONS,IS_MSOL_POOL,BOOLEAN
MARINADE,EZ_LIQUIDITY_POOL_ACTIONS,IS_MNDE_POOL,BOOLEAN
MARINADE,EZ_LIQUIDITY_POOL_ACTIONS,PROGRAM_ID,TEXT
MARINADE,EZ_LIQUIDITY_POOL_ACTIONS,PLATFORM,TEXT
MARINADE,EZ_LIQUIDITY_POOL_ACTIONS,EZ_LIQUIDITY_POOL_ACTIONS_ID,TEXT
MARINADE,EZ_LIQUIDITY_POOL_ACTIONS,INSERTED_TIMESTAMP,TIMESTAMP_NTZ
MARINADE,EZ_LIQUIDITY_POOL_ACTIONS,MODIFIED_TIMESTAMP,TIMESTAMP_NTZ
MARINADE,EZ_LIQUID_STAKING_ACTIONS,BLOCK_ID,NUMBER
MARINADE,EZ_LIQUID_STAKING_ACTIONS,BLOCK_TIMESTAMP,TIMESTAMP_NTZ
MARINADE,EZ_LIQUID_STAKING_ACTIONS,TX_ID,TEXT
MARINADE,EZ_LIQUID_STAKING_ACTIONS,INDEX,NUMBER
MARINADE,EZ_LIQUID_STAKING_ACTIONS,INNER_INDEX,NUMBER
MARINADE,EZ_LIQUID_STAKING_ACTIONS,ACTION_TYPE,TEXT
MARINADE,EZ_LIQUID_STAKING_ACTIONS,PROVIDER_ADDRESS,TEXT
MARINADE,EZ_LIQUID_STAKING_ACTIONS,DEPOSIT_AMOUNT,FLOAT
MARINADE,EZ_LIQUID_STAKING_ACTIONS,DEPOSIT_AMOUNT_USD,FLOAT
MARINADE,EZ_LIQUID_STAKING_ACTIONS,MSOL_MINTED,FLOAT
MARINADE,EZ_LIQUID_STAKING_ACTIONS,MSOL_BURNED,FLOAT
MARINADE,EZ_LIQUID_STAKING_ACTIONS,CLAIM_AMOUNT,FLOAT
MARINADE,EZ_LIQUID_STAKING_ACTIONS,CLAIM_AMOUNT_USD,FLOAT
MARINADE,EZ_LIQUID_STAKING_ACTIONS,PROGRAM_ID,TEXT
MARINADE,EZ_LIQUID_STAKING_ACTIONS,MARINADE_EZ_LIQUID_STAKING_ACTIONS_ID,TEXT
MARINADE,EZ_LIQUID_STAKING_ACTIONS,INSERTED_TIMESTAMP,TIMESTAMP_NTZ
MARINADE,EZ_LIQUID_STAKING_ACTIONS,MODIFIED_TIMESTAMP,TIMESTAMP_NTZ
MARINADE,EZ_NATIVE_STAKING_ACTIONS,BLOCK_ID,NUMBER
MARINADE,EZ_NATIVE_STAKING_ACTIONS,BLOCK_TIMESTAMP,TIMESTAMP_NTZ
MARINADE,EZ_NATIVE_STAKING_ACTIONS,TX_ID,TEXT
MARINADE,EZ_NATIVE_STAKING_ACTIONS,INDEX,NUMBER
MARINADE,EZ_NATIVE_STAKING_ACTIONS,INNER_INDEX,NUMBER
MARINADE,EZ_NATIVE_STAKING_ACTIONS,SUCCEEDED,BOOLEAN
MARINADE,EZ_NATIVE_STAKING_ACTIONS,EVENT_TYPE,TEXT
MARINADE,EZ_NATIVE_STAKING_ACTIONS,PROVIDER_ADDRESS,TEXT
MARINADE,EZ_NATIVE_STAKING_ACTIONS,STAKE_ACCOUNT,TEXT
MARINADE,EZ_NATIVE_STAKING_ACTIONS,STAKE_ACTIVE,BOOLEAN
MARINADE,EZ_NATIVE_STAKING_ACTIONS,STAKE_AUTHORITY,TEXT
MARINADE,EZ_NATIVE_STAKING_ACTIONS,PRE_TX_STAKED_BALANCE,FLOAT
MARINADE,EZ_NATIVE_STAKING_ACTIONS,PRE_TX_STAKED_BALANCE_USD,NUMBER
MARINADE,EZ_NATIVE_STAKING_ACTIONS,POST_TX_STAKED_BALANCE,FLOAT
MARINADE,EZ_NATIVE_STAKING_ACTIONS,POST_TX_STAKED_BALANCE_USD,NUMBER
MARINADE,EZ_NATIVE_STAKING_ACTIONS,WITHDRAW_DESTINATION,TEXT
MARINADE,EZ_NATIVE_STAKING_ACTIONS,WITHDRAW_AMOUNT,FLOAT
MARINADE,EZ_NATIVE_STAKING_ACTIONS,VALIDATOR_NAME,TEXT
MARINADE,EZ_NATIVE_STAKING_ACTIONS,VOTE_ACCOUNT,TEXT
MARINADE,EZ_NATIVE_STAKING_ACTIONS,NODE_PUBKEY,TEXT
MARINADE,EZ_NATIVE_STAKING_ACTIONS,VALIDATOR_RANK,NUMBER
MARINADE,EZ_NATIVE_STAKING_ACTIONS,PROGRAM_ID,TEXT
MARINADE,EZ_NATIVE_STAKING_ACTIONS,PLATFORM,TEXT
MARINADE,EZ_NATIVE_STAKING_ACTIONS,IS_USING_MARINADE_NATIVE_STAKING,BOOLEAN
MARINADE,EZ_NATIVE_STAKING_ACTIONS,_INSERTED_TIMESTAMP,TIMESTAMP_NTZ
MARINADE,EZ_NATIVE_STAKING_ACTIONS,MARINADE_NATIVE_EZ_STAKING_ACTIONS_ID,TEXT
MARINADE,EZ_NATIVE_STAKING_ACTIONS,INSERTED_TIMESTAMP,TIMESTAMP_NTZ
MARINADE,EZ_NATIVE_STAKING_ACTIONS,MODIFIED_TIMESTAMP,TIMESTAMP_NTZ
MARINADE,EZ_NATIVE_STAKING_ACTIONS,_INVOCATION_ID,TEXT
MARINADE,EZ_SWAPS,BLOCK_TIMESTAMP,TIMESTAMP_NTZ
MARINADE,EZ_SWAPS,BLOCK_ID,NUMBER
MARINADE,EZ_SWAPS,TX_ID,TEXT
MARINADE,EZ_SWAPS,INDEX,NUMBER
MARINADE,EZ_SWAPS,INNER_INDEX,NUMBER
MARINADE,EZ_SWAPS,SUCCEEDED,BOOLEAN
MARINADE,EZ_SWAPS,SWAPPER,TEXT
MARINADE,EZ_SWAPS,SWAP_FROM_MINT,TEXT
MARINADE,EZ_SWAPS,SWAP_FROM_SYMBOL,TEXT
MARINADE,EZ_SWAPS,SWAP_FROM_AMOUNT,FLOAT
MARINADE,EZ_SWAPS,SWAP_FROM_AMOUNT_USD,FLOAT
MARINADE,EZ_SWAPS,SWAP_TO_MINT,TEXT
MARINADE,EZ_SWAPS,SWAP_TO_SYMBOL,TEXT
MARINADE,EZ_SWAPS,SWAP_TO_AMOUNT,FLOAT
MARINADE,EZ_SWAPS,SWAP_TO_AMOUNT_USD,FLOAT
MARINADE,EZ_SWAPS,PROGRAM_ID,TEXT
MARINADE,EZ_SWAPS,PLATFORM,TEXT
MARINADE,EZ_SWAPS,MARINADE_EZ_SWAPS_ID,TEXT
MARINADE,EZ_SWAPS,INSERTED_TIMESTAMP,TIMESTAMP_NTZ
MARINADE,EZ_SWAPS,MODIFIED_TIMESTAMP,TIMESTAMP_NTZ
MARINADE,METEORA_DLMM_PIVOT,BLOCK_ID,NUMBER
MARINADE,METEORA_DLMM_PIVOT,BLOCK_TIMESTAMP,TIMESTAMP_NTZ
MARINADE,METEORA_DLMM_PIVOT,TX_ID,TEXT
MARINADE,METEORA_DLMM_PIVOT,INDEX,NUMBER
MARINADE,METEORA_DLMM_PIVOT,INNER_INDEX,NUMBER
MARINADE,METEORA_DLMM_PIVOT,SUCCEEDED,BOOLEAN
MARINADE,METEORA_DLMM_PIVOT,EVENT_TYPE,TEXT
MARINADE,METEORA_DLMM_PIVOT,POOL_ADDRESS,TEXT
MARINADE,METEORA_DLMM_PIVOT,PROVIDER_ADDRESS,TEXT
MARINADE,METEORA_DLMM_PIVOT,TOKEN_A_MINT,TEXT
MARINADE,METEORA_DLMM_PIVOT,TOKEN_A_AMOUNT,FLOAT
MARINADE,METEORA_DLMM_PIVOT,TOKEN_B_MINT,TEXT
MARINADE,METEORA_DLMM_PIVOT,TOKEN_B_AMOUNT,FLOAT
MARINADE,METEORA_DLMM_PIVOT,PROGRAM_ID,TEXT
MARINADE,METEORA_DLMM_PIVOT,MODIFIED_TIMESTAMP,TIMESTAMP_NTZ
MARINADE,METEORA_DLMM_PIVOT,LIQUIDITY_POOL_ACTIONS_METEORA_DLMM_ID,TEXT
MARINADE,METEORA_MULTI_PIVOT,BLOCK_ID,NUMBER
MARINADE,METEORA_MULTI_PIVOT,BLOCK_TIMESTAMP,TIMESTAMP_NTZ
MARINADE,METEORA_MULTI_PIVOT,TX_ID,TEXT
MARINADE,METEORA_MULTI_PIVOT,INDEX,NUMBER
MARINADE,METEORA_MULTI_PIVOT,INNER_INDEX,NUMBER
MARINADE,METEORA_MULTI_PIVOT,SUCCEEDED,BOOLEAN
MARINADE,METEORA_MULTI_PIVOT,EVENT_TYPE,TEXT
MARINADE,METEORA_MULTI_PIVOT,POOL_ADDRESS,TEXT
MARINADE,METEORA_MULTI_PIVOT,PROVIDER_ADDRESS,TEXT
MARINADE,METEORA_MULTI_PIVOT,TOKEN_A_MINT,TEXT
MARINADE,METEORA_MULTI_PIVOT,TOKEN_A_AMOUNT,FLOAT
MARINADE,METEORA_MULTI_PIVOT,TOKEN_B_MINT,TEXT
MARINADE,METEORA_MULTI_PIVOT,TOKEN_B_AMOUNT,FLOAT
MARINADE,METEORA_MULTI_PIVOT,PROGRAM_ID,TEXT
MARINADE,METEORA_MULTI_PIVOT,MODIFIED_TIMESTAMP,TIMESTAMP_NTZ
MARINADE,METEORA_MULTI_PIVOT,LIQUIDITY_POOL_ACTIONS_METEORA_MULTI_ID,TEXT
MARINADE,METEORA_PIVOT,BLOCK_ID,NUMBER
MARINADE,METEORA_PIVOT,BLOCK_TIMESTAMP,TIMESTAMP_NTZ
MARINADE,METEORA_PIVOT,TX_ID,TEXT
MARINADE,METEORA_PIVOT,INDEX,NUMBER
MARINADE,METEORA_PIVOT,INNER_INDEX,NUMBER
MARINADE,METEORA_PIVOT,EVENT_TYPE,TEXT
MARINADE,METEORA_PIVOT,POOL_ADDRESS,TEXT
MARINADE,METEORA_PIVOT,PROVIDER_ADDRESS,TEXT
MARINADE,METEORA_PIVOT,TOKEN_A_MINT,TEXT
MARINADE,METEORA_PIVOT,TOKEN_A_AMOUNT,FLOAT
MARINADE,METEORA_PIVOT,TOKEN_B_MINT,TEXT
MARINADE,METEORA_PIVOT,TOKEN_B_AMOUNT,FLOAT
MARINADE,METEORA_PIVOT,PROGRAM_ID,TEXT
MARINADE,METEORA_PIVOT,MODIFIED_TIMESTAMP,TIMESTAMP_NTZ
MARINADE,METEORA_PIVOT,LIQUIDITY_POOL_ACTIONS_METEORA_ID,TEXT
NFT,DIM_NFT_METADATA,MINT,TEXT
NFT,DIM_NFT_METADATA,NFT_COLLECTION_NAME,TEXT
NFT,DIM_NFT_METADATA,COLLECTION_ID,TEXT
NFT,DIM_NFT_METADATA,CREATORS,VARIANT
NFT,DIM_NFT_METADATA,AUTHORITY,TEXT
NFT,DIM_NFT_METADATA,METADATA,ARRAY
NFT,DIM_NFT_METADATA,IMAGE_URL,TEXT
NFT,DIM_NFT_METADATA,METADATA_URI,TEXT
NFT,DIM_NFT_METADATA,NFT_NAME,TEXT
NFT,DIM_NFT_METADATA,DIM_NFT_METADATA_ID,TEXT
NFT,DIM_NFT_METADATA,INSERTED_TIMESTAMP,TIMESTAMP_NTZ
NFT,DIM_NFT_METADATA,MODIFIED_TIMESTAMP,TIMESTAMP_NTZ
NFT,EZ_NFT_SALES,MARKETPLACE,TEXT
NFT,EZ_NFT_SALES,MARKETPLACE_VERSION,TEXT
NFT,EZ_NFT_SALES,BLOCK_TIMESTAMP,TIMESTAMP_NTZ
NFT,EZ_NFT_SALES,BLOCK_ID,NUMBER
NFT,EZ_NFT_SALES,TX_ID,TEXT
NFT,EZ_NFT_SALES,SUCCEEDED,BOOLEAN
NFT,EZ_NFT_SALES,INDEX,NUMBER
NFT,EZ_NFT_SALES,INNER_INDEX,NUMBER
NFT,EZ_NFT_SALES,PROGRAM_ID,TEXT
NFT,EZ_NFT_SALES,BUYER_ADDRESS,TEXT
NFT,EZ_NFT_SALES,SELLER_ADDRESS,TEXT
NFT,EZ_NFT_SALES,MINT,TEXT
NFT,EZ_NFT_SALES,NFT_NAME,TEXT
NFT,EZ_NFT_SALES,PRICE,FLOAT
NFT,EZ_NFT_SALES,CURRENCY_ADDRESS,TEXT
NFT,EZ_NFT_SALES,CURRENCY_SYMBOL,TEXT
NFT,EZ_NFT_SALES,PRICE_USD,FLOAT
NFT,EZ_NFT_SALES,TREE_AUTHORITY,TEXT
NFT,EZ_NFT_SALES,MERKLE_TREE,TEXT
NFT,EZ_NFT_SALES,LEAF_INDEX,NUMBER
NFT,EZ_NFT_SALES,IS_COMPRESSED,BOOLEAN
NFT,EZ_NFT_SALES,NFT_COLLECTION_NAME,TEXT
NFT,EZ_NFT_SALES,COLLECTION_ID,TEXT
NFT,EZ_NFT_SALES,CREATORS,VARIANT
NFT,EZ_NFT_SALES,AUTHORITY,TEXT
NFT,EZ_NFT_SALES,METADATA,ARRAY
NFT,EZ_NFT_SALES,IMAGE_URL,TEXT
NFT,EZ_NFT_SALES,METADATA_URI,TEXT
NFT,EZ_NFT_SALES,EZ_NFT_SALES_ID,TEXT
NFT,EZ_NFT_SALES,INSERTED_TIMESTAMP,TIMESTAMP_NTZ
NFT,EZ_NFT_SALES,MODIFIED_TIMESTAMP,TIMESTAMP_NTZ
NFT,FACT_NFT_BURN_ACTIONS,BLOCK_ID,NUMBER
NFT,FACT_NFT_BURN_ACTIONS,BLOCK_TIMESTAMP,TIMESTAMP_NTZ
NFT,FACT_NFT_BURN_ACTIONS,TX_ID,TEXT
NFT,FACT_NFT_BURN_ACTIONS,SUCCEEDED,BOOLEAN
NFT,FACT_NFT_BURN_ACTIONS,INDEX,NUMBER
NFT,FACT_NFT_BURN_ACTIONS,INNER_INDEX,NUMBER
NFT,FACT_NFT_BURN_ACTIONS,EVENT_TYPE,TEXT
NFT,FACT_NFT_BURN_ACTIONS,MINT,TEXT
NFT,FACT_NFT_BURN_ACTIONS,BURN_AMOUNT,NUMBER
NFT,FACT_NFT_BURN_ACTIONS,BURN_AUTHORITY,TEXT
NFT,FACT_NFT_BURN_ACTIONS,SIGNERS,TEXT
NFT,FACT_NFT_BURN_ACTIONS,DECIMAL,NUMBER
NFT,FACT_NFT_BURN_ACTIONS,MINT_STANDARD_TYPE,TEXT
NFT,FACT_NFT_BURN_ACTIONS,FACT_NFT_BURN_ACTIONS_ID,TEXT
NFT,FACT_NFT_BURN_ACTIONS,INSERTED_TIMESTAMP,TIMESTAMP_NTZ
NFT,FACT_NFT_BURN_ACTIONS,MODIFIED_TIMESTAMP,TIMESTAMP_NTZ
NFT,FACT_NFT_MINTS,BLOCK_TIMESTAMP,TIMESTAMP_NTZ
NFT,FACT_NFT_MINTS,BLOCK_ID,NUMBER
NFT,FACT_NFT_MINTS,TX_ID,TEXT
NFT,FACT_NFT_MINTS,SUCCEEDED,BOOLEAN
NFT,FACT_NFT_MINTS,PROGRAM_ID,TEXT
NFT,FACT_NFT_MINTS,PURCHASER,TEXT
NFT,FACT_NFT_MINTS,MINT_PRICE,FLOAT
NFT,FACT_NFT_MINTS,MINT_CURRENCY,TEXT
NFT,FACT_NFT_MINTS,MINT,TEXT
NFT,FACT_NFT_MINTS,IS_COMPRESSED,BOOLEAN
NFT,FACT_NFT_MINTS,FACT_NFT_MINTS_ID,TEXT
NFT,FACT_NFT_MINTS,INSERTED_TIMESTAMP,TIMESTAMP_NTZ
NFT,FACT_NFT_MINTS,MODIFIED_TIMESTAMP,TIMESTAMP_NTZ
NFT,FACT_NFT_MINT_ACTIONS,BLOCK_ID,NUMBER
NFT,FACT_NFT_MINT_ACTIONS,BLOCK_TIMESTAMP,TIMESTAMP_NTZ
NFT,FACT_NFT_MINT_ACTIONS,TX_ID,TEXT
NFT,FACT_NFT_MINT_ACTIONS,SUCCEEDED,BOOLEAN
NFT,FACT_NFT_MINT_ACTIONS,INDEX,NUMBER
NFT,FACT_NFT_MINT_ACTIONS,INNER_INDEX,NUMBER
NFT,FACT_NFT_MINT_ACTIONS,EVENT_TYPE,TEXT
NFT,FACT_NFT_MINT_ACTIONS,MINT,TEXT
NFT,FACT_NFT_MINT_ACTIONS,MINT_AMOUNT,NUMBER
NFT,FACT_NFT_MINT_ACTIONS,MINT_AUTHORITY,TEXT
NFT,FACT_NFT_MINT_ACTIONS,SIGNERS,TEXT
NFT,FACT_NFT_MINT_ACTIONS,DECIMAL,NUMBER
NFT,FACT_NFT_MINT_ACTIONS,MINT_STANDARD_TYPE,TEXT
NFT,FACT_NFT_MINT_ACTIONS,FACT_NFT_MINT_ACTIONS_ID,TEXT
NFT,FACT_NFT_MINT_ACTIONS,INSERTED_TIMESTAMP,TIMESTAMP_NTZ
NFT,FACT_NFT_MINT_ACTIONS,MODIFIED_TIMESTAMP,TIMESTAMP_NTZ
PRICE,DIM_ASSET_METADATA,TOKEN_ADDRESS,TEXT
PRICE,DIM_ASSET_METADATA,ASSET_ID,TEXT
PRICE,DIM_ASSET_METADATA,SYMBOL,TEXT
PRICE,DIM_ASSET_METADATA,NAME,TEXT
PRICE,DIM_ASSET_METADATA,BLOCKCHAIN,TEXT
PRICE,DIM_ASSET_METADATA,BLOCKCHAIN_ID,TEXT
PRICE,DIM_ASSET_METADATA,PROVIDER,TEXT
PRICE,DIM_ASSET_METADATA,INSERTED_TIMESTAMP,TIMESTAMP_NTZ
PRICE,DIM_ASSET_METADATA,MODIFIED_TIMESTAMP,TIMESTAMP_NTZ
PRICE,DIM_ASSET_METADATA,DIM_ASSET_METADATA_ID,TEXT
PRICE,EZ_ASSET_METADATA,TOKEN_ADDRESS,TEXT
PRICE,EZ_ASSET_METADATA,ASSET_ID,TEXT
PRICE,EZ_ASSET_METADATA,SYMBOL,TEXT
PRICE,EZ_ASSET_METADATA,NAME,TEXT
PRICE,EZ_ASSET_METADATA,DECIMALS,NUMBER
PRICE,EZ_ASSET_METADATA,BLOCKCHAIN,TEXT
PRICE,EZ_ASSET_METADATA,IS_NATIVE,BOOLEAN
PRICE,EZ_ASSET_METADATA,IS_DEPRECATED,BOOLEAN
PRICE,EZ_ASSET_METADATA,INSERTED_TIMESTAMP,TIMESTAMP_NTZ
PRICE,EZ_ASSET_METADATA,MODIFIED_TIMESTAMP,TIMESTAMP_NTZ
PRICE,EZ_ASSET_METADATA,EZ_ASSET_METADATA_ID,TEXT
PRICE,EZ_PRICES_HOURLY,HOUR,TIMESTAMP_NTZ
PRICE,EZ_PRICES_HOURLY,TOKEN_ADDRESS,TEXT
PRICE,EZ_PRICES_HOURLY,SYMBOL,TEXT
PRICE,EZ_PRICES_HOURLY,NAME,TEXT
PRICE,EZ_PRICES_HOURLY,DECIMALS,NUMBER
PRICE,EZ_PRICES_HOURLY,PRICE,FLOAT
PRICE,EZ_PRICES_HOURLY,BLOCKCHAIN,TEXT
PRICE,EZ_PRICES_HOURLY,IS_NATIVE,BOOLEAN
PRICE,EZ_PRICES_HOURLY,IS_IMPUTED,BOOLEAN
PRICE,EZ_PRICES_HOURLY,IS_DEPRECATED,BOOLEAN
PRICE,EZ_PRICES_HOURLY,INSERTED_TIMESTAMP,TIMESTAMP_NTZ
PRICE,EZ_PRICES_HOURLY,MODIFIED_TIMESTAMP,TIMESTAMP_NTZ
PRICE,EZ_PRICES_HOURLY,EZ_PRICES_HOURLY_ID,TEXT
PRICE,FACT_PRICES_OHLC_HOURLY,ASSET_ID,TEXT
PRICE,FACT_PRICES_OHLC_HOURLY,HOUR,TIMESTAMP_NTZ
PRICE,FACT_PRICES_OHLC_HOURLY,OPEN,FLOAT
PRICE,FACT_PRICES_OHLC_HOURLY,HIGH,FLOAT
PRICE,FACT_PRICES_OHLC_HOURLY,LOW,FLOAT
PRICE,FACT_PRICES_OHLC_HOURLY,CLOSE,FLOAT
PRICE,FACT_PRICES_OHLC_HOURLY,PROVIDER,TEXT
PRICE,FACT_PRICES_OHLC_HOURLY,INSERTED_TIMESTAMP,TIMESTAMP_NTZ
PRICE,FACT_PRICES_OHLC_HOURLY,MODIFIED_TIMESTAMP,TIMESTAMP_NTZ
PRICE,FACT_PRICES_OHLC_HOURLY,FACT_PRICES_OHLC_HOURLY_ID,TEXT
SA,CONSUMPTION_RESULTS,DATE,DATE
SA,CONSUMPTION_RESULTS,WALLET,TEXT
SA,CONSUMPTION_RESULTS,ARCO_BURN_AMOUNT,FLOAT
SA,CONSUMPTION_RESULTS,BIOMASS_BURN_AMOUNT,FLOAT
SA,CONSUMPTION_RESULTS,CARBON_BURN_AMOUNT,FLOAT
SA,CONSUMPTION_RESULTS,CUORE_BURN_AMOUNT,FLOAT
SA,CONSUMPTION_RESULTS,DIAMOND_BURN_AMOUNT,FLOAT
SA,CONSUMPTION_RESULTS,HYG_BURN_AMOUNT,FLOAT
SA,CONSUMPTION_RESULTS,FEORE_BURN_AMOUNT,FLOAT
SA,CONSUMPTION_RESULTS,LUMANITE_BURN_AMOUNT,FLOAT
SA,CONSUMPTION_RESULTS,NITRO_BURN_AMOUNT,FLOAT
SA,CONSUMPTION_RESULTS,ROCHINOL_BURN_AMOUNT,FLOAT
SA,CONSUMPTION_RESULTS,SAND_BURN_AMOUNT,FLOAT
SA,CONSUMPTION_RESULTS,TIORE_BURN_AMOUNT,FLOAT
SA,CONSUMPTION_RESULTS,AGEL_BURN_AMOUNT,FLOAT
SA,CONSUMPTION_RESULTS,AMMO_BURN_AMOUNT,FLOAT
SA,CONSUMPTION_RESULTS,COPPER_BURN_AMOUNT,FLOAT
SA,CONSUMPTION_RESULTS,CPRWIRE_BURN_AMOUNT,FLOAT
SA,CONSUMPTION_RESULTS,CRYSLAT_BURN_AMOUNT,FLOAT
SA,CONSUMPTION_RESULTS,ELECMAG_BURN_AMOUNT,FLOAT
SA,CONSUMPTION_RESULTS,ELECTRO_BURN_AMOUNT,FLOAT
SA,CONSUMPTION_RESULTS,ENRGSUB_BURN_AMOUNT,FLOAT
SA,CONSUMPTION_RESULTS,FSTAB_BURN_AMOUNT,FLOAT
SA,CONSUMPTION_RESULTS,FOOD_BURN_AMOUNT,FLOAT
SA,CONSUMPTION_RESULTS,FRMWRK_BURN_AMOUNT,FLOAT
SA,CONSUMPTION_RESULTS,FUEL_BURN_AMOUNT,FLOAT
SA,CONSUMPTION_RESULTS,GRAPH_BURN_AMOUNT,FLOAT
SA,CONSUMPTION_RESULTS,HCRB_BURN_AMOUNT,FLOAT
SA,CONSUMPTION_RESULTS,IRON_BURN_AMOUNT,FLOAT
SA,CONSUMPTION_RESULTS,MAGNET_BURN_AMOUNT,FLOAT
SA,CONSUMPTION_RESULTS,PRTACL_BURN_AMOUNT,FLOAT
SA,CONSUMPTION_RESULTS,POLYMER_BURN_AMOUNT,FLOAT
SA,CONSUMPTION_RESULTS,PWRSRC_BURN_AMOUNT,FLOAT
SA,CONSUMPTION_RESULTS,RADABS_BURN_AMOUNT,FLOAT
SA,CONSUMPTION_RESULTS,STEEL_BURN_AMOUNT,FLOAT
SA,CONSUMPTION_RESULTS,STRANGE_BURN_AMOUNT,FLOAT
SA,CONSUMPTION_RESULTS,SPRCOND_BURN_AMOUNT,FLOAT
SA,CONSUMPTION_RESULTS,TTNM_BURN_AMOUNT,FLOAT
SA,CONSUMPTION_RESULTS,TOOL_BURN_AMOUNT,FLOAT
SA,CONSUMPTION_RESULTS,SDU_BURN_AMOUNT,FLOAT
SA,CONSUMPTION_RESULTS,CONSUMPTION_RESULTS_ID,TEXT
SA,CONSUMPTION_RESULTS,INSERTED_TIMESTAMP,TIMESTAMP_NTZ
SA,CONSUMPTION_RESULTS,MODIFIED_TIMESTAMP,TIMESTAMP_NTZ
SA,CRAFTING_RESULTS,DATE,DATE
SA,CRAFTING_RESULTS,WALLET,TEXT
SA,CRAFTING_RESULTS,AGEL_AMOUNT,FLOAT
SA,CRAFTING_RESULTS,AMMO_AMOUNT,FLOAT
SA,CRAFTING_RESULTS,COPPER_AMOUNT,FLOAT
SA,CRAFTING_RESULTS,CPRWIRE_AMOUNT,FLOAT
SA,CRAFTING_RESULTS,CRYSLAT_AMOUNT,FLOAT
SA,CRAFTING_RESULTS,ELECMAG_AMOUNT,FLOAT
SA,CRAFTING_RESULTS,ELECTRO_AMOUNT,FLOAT
SA,CRAFTING_RESULTS,ENRGSUB_AMOUNT,FLOAT
SA,CRAFTING_RESULTS,FSTAB_AMOUNT,FLOAT
SA,CRAFTING_RESULTS,FOOD_AMOUNT,FLOAT
SA,CRAFTING_RESULTS,FRMWRK_AMOUNT,FLOAT
SA,CRAFTING_RESULTS,FUEL_AMOUNT,FLOAT
SA,CRAFTING_RESULTS,GRAPH_AMOUNT,FLOAT
SA,CRAFTING_RESULTS,HCRB_AMOUNT,FLOAT
SA,CRAFTING_RESULTS,IRON_AMOUNT,FLOAT
SA,CRAFTING_RESULTS,MAGNET_AMOUNT,FLOAT
SA,CRAFTING_RESULTS,PRTACL_AMOUNT,FLOAT
SA,CRAFTING_RESULTS,POLYMER_AMOUNT,FLOAT
SA,CRAFTING_RESULTS,PWRSRC_AMOUNT,FLOAT
SA,CRAFTING_RESULTS,RADABS_AMOUNT,FLOAT
SA,CRAFTING_RESULTS,STEEL_AMOUNT,FLOAT
SA,CRAFTING_RESULTS,STRANGE_AMOUNT,FLOAT
SA,CRAFTING_RESULTS,SPRCOND_AMOUNT,FLOAT
SA,CRAFTING_RESULTS,TTNM_AMOUNT,FLOAT
SA,CRAFTING_RESULTS,TOOL_AMOUNT,FLOAT
SA,CRAFTING_RESULTS,CRAFTING_RESULTS_ID,TEXT
SA,CRAFTING_RESULTS,INSERTED_TIMESTAMP,TIMESTAMP_NTZ
SA,CRAFTING_RESULTS,MODIFIED_TIMESTAMP,TIMESTAMP_NTZ
SA,MINING_FLEETS,WALLET,TEXT
SA,MINING_FLEETS,PLAYER_PROFILE,TEXT
SA,MINING_FLEETS,MINING_FLEETS,TEXT
SA,MINING_FLEETS,MINING_FLEETS_ID,TEXT
SA,MINING_FLEETS,INSERTED_TIMESTAMP,TIMESTAMP_NTZ
SA,MINING_FLEETS,MODIFIED_TIMESTAMP,TIMESTAMP_NTZ
SA,MINING_RESULTS,DATE,DATE
SA,MINING_RESULTS,WALLET,TEXT
SA,MINING_RESULTS,ARCO_MINED,FLOAT
SA,MINING_RESULTS,BIOMASS_MINED,FLOAT
SA,MINING_RESULTS,CARBON_MINED,FLOAT
SA,MINING_RESULTS,CUORE_MINED,FLOAT
SA,MINING_RESULTS,DIAMOND_MINED,FLOAT
SA,MINING_RESULTS,HYG_MINED,FLOAT
SA,MINING_RESULTS,FEORE_MINED,FLOAT
SA,MINING_RESULTS,LUMANITE_MINED,FLOAT
SA,MINING_RESULTS,NITRO_MINED,FLOAT
SA,MINING_RESULTS,ROCHINOL_MINED,FLOAT
SA,MINING_RESULTS,SAND_MINED,FLOAT
SA,MINING_RESULTS,TIORE_MINED,FLOAT
SA,MINING_RESULTS,SDU_COLLECTED,FLOAT
SA,MINING_RESULTS,MINING_RESULTS_ID,TEXT
SA,MINING_RESULTS,INSERTED_TIMESTAMP,TIMESTAMP_NTZ
SA,MINING_RESULTS,MODIFIED_TIMESTAMP,TIMESTAMP_NTZ
SA,PROFILE_WALLETS,PLAYER_PROFILE,TEXT
SA,PROFILE_WALLETS,WALLET,TEXT
SA,PROFILE_WALLETS,PROFILE_WALLETS_ID,TEXT
SA,PROFILE_WALLETS,INSERTED_TIMESTAMP,TIMESTAMP_NTZ
SA,PROFILE_WALLETS,MODIFIED_TIMESTAMP,TIMESTAMP_NTZ
SA,R4_HARVEST_RESULTS,DATE,DATE
SA,R4_HARVEST_RESULTS,WALLET,TEXT
SA,R4_HARVEST_RESULTS,HARVEST_FUEL,FLOAT
SA,R4_HARVEST_RESULTS,HARVEST_FOOD,FLOAT
SA,R4_HARVEST_RESULTS,HARVEST_AMMO,FLOAT
SA,R4_HARVEST_RESULTS,HARVEST_TOOL,FLOAT
SA,R4_HARVEST_RESULTS,REFILL_RESULTS_ID,TEXT
SA,R4_HARVEST_RESULTS,INSERTED_TIMESTAMP,TIMESTAMP_NTZ
SA,R4_HARVEST_RESULTS,MODIFIED_TIMESTAMP,TIMESTAMP_NTZ
SA,REFILL_RESULTS,DATE,DATE
SA,REFILL_RESULTS,WALLET,TEXT
SA,REFILL_RESULTS,FUEL_REFILL,FLOAT
SA,REFILL_RESULTS,FOOD_REFILL,FLOAT
SA,REFILL_RESULTS,AMMO_REFILL,FLOAT
SA,REFILL_RESULTS,TOOL_REFILL,FLOAT
SA,REFILL_RESULTS,REFILL_RESULTS_ID,TEXT
SA,REFILL_RESULTS,INSERTED_TIMESTAMP,TIMESTAMP_NTZ
SA,REFILL_RESULTS,MODIFIED_TIMESTAMP,TIMESTAMP_NTZ
SA,SCANNING_FLEETS,PLAYER_PROFILE,TEXT
SA,SCANNING_FLEETS,SCANNING_FLEETS,TEXT
SA,SCANNING_FLEETS,SCANNING_FLEETS_ID,TEXT
SA,SCANNING_FLEETS,INSERTED_TIMESTAMP,TIMESTAMP_NTZ
SA,SCANNING_FLEETS,MODIFIED_TIMESTAMP,TIMESTAMP_NTZ
SA,SCANNING_RESULTS,DATE,DATE
SA,SCANNING_RESULTS,PLAYER_PROFILE,TEXT
SA,SCANNING_RESULTS,SDU_FOUND,FLOAT
SA,SCANNING_RESULTS,FOOD_BURNED,FLOAT
SA,SCANNING_RESULTS,FUEL_BURNED,FLOAT
SA,SCANNING_RESULTS,MSCANNING_RESULTS_ID,TEXT
SA,SCANNING_RESULTS,INSERTED_TIMESTAMP,TIMESTAMP_NTZ
SA,SCANNING_RESULTS,MODIFIED_TIMESTAMP,TIMESTAMP_NTZ
SOLANA_SHARE,DIM_LABELS,BLOCKCHAIN,TEXT
SOLANA_SHARE,DIM_LABELS,CREATOR,TEXT
SOLANA_SHARE,DIM_LABELS,ADDRESS,TEXT
SOLANA_SHARE,DIM_LABELS,LABEL_TYPE,TEXT
SOLANA_SHARE,DIM_LABELS,LABEL_SUBTYPE,TEXT
SOLANA_SHARE,DIM_LABELS,LABEL,TEXT
SOLANA_SHARE,DIM_LABELS,ADDRESS_NAME,TEXT
SOLANA_SHARE,DIM_NFT_METADATA,BLOCKCHAIN,TEXT
SOLANA_SHARE,DIM_NFT_METADATA,CONTRACT_ADDRESS,TEXT
SOLANA_SHARE,DIM_NFT_METADATA,CONTRACT_NAME,TEXT
SOLANA_SHARE,DIM_NFT_METADATA,CREATED_AT_TIMESTAMP,TIMESTAMP_NTZ
SOLANA_SHARE,DIM_NFT_METADATA,MINT,TEXT
SOLANA_SHARE,DIM_NFT_METADATA,CREATOR_ADDRESS,TEXT
SOLANA_SHARE,DIM_NFT_METADATA,CREATOR_NAME,TEXT
SOLANA_SHARE,DIM_NFT_METADATA,IMAGE_URL,TEXT
SOLANA_SHARE,DIM_NFT_METADATA,PROJECT_NAME,TEXT
SOLANA_SHARE,DIM_NFT_METADATA,TOKEN_ID,TEXT
SOLANA_SHARE,DIM_NFT_METADATA,TOKEN_METADATA,OBJECT
SOLANA_SHARE,DIM_NFT_METADATA,TOKEN_METADATA_URI,TEXT
SOLANA_SHARE,DIM_NFT_METADATA,TOKEN_NAME,TEXT
SOLANA_SHARE,EZ_STAKING_LP_ACTIONS,BLOCK_ID,VARIANT
SOLANA_SHARE,EZ_STAKING_LP_ACTIONS,BLOCK_TIMESTAMP,TIMESTAMP_NTZ
SOLANA_SHARE,EZ_STAKING_LP_ACTIONS,TX_ID,TEXT
SOLANA_SHARE,EZ_STAKING_LP_ACTIONS,SUCCEEDED,BOOLEAN
SOLANA_SHARE,EZ_STAKING_LP_ACTIONS,INDEX,NUMBER
SOLANA_SHARE,EZ_STAKING_LP_ACTIONS,EVENT_TYPE,TEXT
SOLANA_SHARE,EZ_STAKING_LP_ACTIONS,SIGNERS,ARRAY
SOLANA_SHARE,EZ_STAKING_LP_ACTIONS,STAKE_AUTHORITY,TEXT
SOLANA_SHARE,EZ_STAKING_LP_ACTIONS,WITHDRAW_AUTHORITY,TEXT
SOLANA_SHARE,EZ_STAKING_LP_ACTIONS,STAKE_ACCOUNT,TEXT
SOLANA_SHARE,EZ_STAKING_LP_ACTIONS,STAKE_ACTIVE,BOOLEAN
SOLANA_SHARE,EZ_STAKING_LP_ACTIONS,PRE_TX_STAKED_BALANCE,NUMBER
SOLANA_SHARE,EZ_STAKING_LP_ACTIONS,POST_TX_STAKED_BALANCE,NUMBER
SOLANA_SHARE,EZ_STAKING_LP_ACTIONS,WITHDRAW_AMOUNT,NUMBER
SOLANA_SHARE,EZ_STAKING_LP_ACTIONS,WITHDRAW_DESTINATION,TEXT
SOLANA_SHARE,EZ_STAKING_LP_ACTIONS,VOTE_ACCOUNT,TEXT
SOLANA_SHARE,EZ_STAKING_LP_ACTIONS,NODE_PUBKEY,TEXT
SOLANA_SHARE,EZ_STAKING_LP_ACTIONS,VALIDATOR_RANK,NUMBER
SOLANA_SHARE,EZ_STAKING_LP_ACTIONS,COMMISSION,NUMBER
SOLANA_SHARE,EZ_STAKING_LP_ACTIONS,VALIDATOR_NAME,TEXT
SOLANA_SHARE,FACT_BLOCKS,BLOCK_ID,NUMBER
SOLANA_SHARE,FACT_BLOCKS,BLOCK_TIMESTAMP,TIMESTAMP_NTZ
SOLANA_SHARE,FACT_BLOCKS,NETWORK,TEXT
SOLANA_SHARE,FACT_BLOCKS,CHAIN_ID,TEXT
SOLANA_SHARE,FACT_BLOCKS,TX_COUNT,NUMBER
SOLANA_SHARE,FACT_BLOCKS,BLOCK_HEIGHT,NUMBER
SOLANA_SHARE,FACT_BLOCKS,BLOCK_HASH,TEXT
SOLANA_SHARE,FACT_BLOCKS,PREVIOUS_BLOCK_ID,NUMBER
SOLANA_SHARE,FACT_BLOCKS,PREVIOUS_BLOCK_HASH,TEXT
SOLANA_SHARE,FACT_EVENTS,BLOCK_TIMESTAMP,TIMESTAMP_NTZ
SOLANA_SHARE,FACT_EVENTS,BLOCK_ID,NUMBER
SOLANA_SHARE,FACT_EVENTS,TX_ID,TEXT
SOLANA_SHARE,FACT_EVENTS,SUCCEEDED,BOOLEAN
SOLANA_SHARE,FACT_EVENTS,INDEX,NUMBER
SOLANA_SHARE,FACT_EVENTS,EVENT_TYPE,TEXT
SOLANA_SHARE,FACT_EVENTS,PROGRAM_ID,TEXT
SOLANA_SHARE,FACT_EVENTS,INSTRUCTION,VARIANT
SOLANA_SHARE,FACT_EVENTS,INNER_INSTRUCTION,VARIANT
SOLANA_SHARE,FACT_GAUGES_CREATES,PROGRAM_NAME,TEXT
SOLANA_SHARE,FACT_GAUGES_CREATES,BLOCK_TIMESTAMP,TIMESTAMP_NTZ
SOLANA_SHARE,FACT_GAUGES_CREATES,BLOCK_ID,NUMBER
SOLANA_SHARE,FACT_GAUGES_CREATES,TX_ID,TEXT
SOLANA_SHARE,FACT_GAUGES_CREATES,SUCCEEDED,BOOLEAN
SOLANA_SHARE,FACT_GAUGES_CREATES,SIGNER,TEXT
SOLANA_SHARE,FACT_GAUGES_CREATES,GAUGE,TEXT
SOLANA_SHARE,FACT_GAUGES_CREATES,GAUGEMEISTER,TEXT
SOLANA_SHARE,FACT_GAUGES_CREATES,VALIDATOR_ACCOUNT,TEXT
SOLANA_SHARE,FACT_GAUGES_VOTES,PROGRAM_NAME,TEXT
SOLANA_SHARE,FACT_GAUGES_VOTES,BLOCK_TIMESTAMP,TIMESTAMP_NTZ
SOLANA_SHARE,FACT_GAUGES_VOTES,BLOCK_ID,NUMBER
SOLANA_SHARE,FACT_GAUGES_VOTES,TX_ID,TEXT
SOLANA_SHARE,FACT_GAUGES_VOTES,SUCCEEDED,BOOLEAN
SOLANA_SHARE,FACT_GAUGES_VOTES,VOTER,TEXT
SOLANA_SHARE,FACT_GAUGES_VOTES,VOTER_NFT,TEXT
SOLANA_SHARE,FACT_GAUGES_VOTES,GAUGE,TEXT
SOLANA_SHARE,FACT_GAUGES_VOTES,POWER,NUMBER
SOLANA_SHARE,FACT_GAUGES_VOTES,DELEGATED_SHARES,NUMBER
SOLANA_SHARE,FACT_GOV_ACTIONS,PROGRAM_NAME,TEXT
SOLANA_SHARE,FACT_GOV_ACTIONS,BLOCK_TIMESTAMP,TIMESTAMP_NTZ
SOLANA_SHARE,FACT_GOV_ACTIONS,BLOCK_ID,NUMBER
SOLANA_SHARE,FACT_GOV_ACTIONS,TX_ID,TEXT
SOLANA_SHARE,FACT_GOV_ACTIONS,SUCCEEDED,BOOLEAN
SOLANA_SHARE,FACT_GOV_ACTIONS,SIGNER,TEXT
SOLANA_SHARE,FACT_GOV_ACTIONS,LOCKER_ACCOUNT,TEXT
SOLANA_SHARE,FACT_GOV_ACTIONS,LOCKER_NFT,TEXT
SOLANA_SHARE,FACT_GOV_ACTIONS,MINT,TEXT
SOLANA_SHARE,FACT_GOV_ACTIONS,ACTION,TEXT
SOLANA_SHARE,FACT_GOV_ACTIONS,AMOUNT,FLOAT
SOLANA_SHARE,FACT_NFT_MINTS,BLOCK_TIMESTAMP,TIMESTAMP_NTZ
SOLANA_SHARE,FACT_NFT_MINTS,BLOCK_ID,NUMBER
SOLANA_SHARE,FACT_NFT_MINTS,TX_ID,TEXT
SOLANA_SHARE,FACT_NFT_MINTS,SUCCEEDED,BOOLEAN
SOLANA_SHARE,FACT_NFT_MINTS,PROGRAM_ID,TEXT
SOLANA_SHARE,FACT_NFT_MINTS,PURCHASER,TEXT
SOLANA_SHARE,FACT_NFT_MINTS,MINT_PRICE,FLOAT
SOLANA_SHARE,FACT_NFT_MINTS,MINT_CURRENCY,TEXT
SOLANA_SHARE,FACT_NFT_MINTS,MINT,TEXT
SOLANA_SHARE,FACT_NFT_SALES,MARKETPLACE,TEXT
SOLANA_SHARE,FACT_NFT_SALES,BLOCK_TIMESTAMP,TIMESTAMP_NTZ
SOLANA_SHARE,FACT_NFT_SALES,BLOCK_ID,NUMBER
SOLANA_SHARE,FACT_NFT_SALES,TX_ID,TEXT
SOLANA_SHARE,FACT_NFT_SALES,SUCCEEDED,BOOLEAN
SOLANA_SHARE,FACT_NFT_SALES,PROGRAM_ID,TEXT
SOLANA_SHARE,FACT_NFT_SALES,PURCHASER,TEXT
SOLANA_SHARE,FACT_NFT_SALES,SELLER,TEXT
SOLANA_SHARE,FACT_NFT_SALES,MINT,TEXT
SOLANA_SHARE,FACT_NFT_SALES,SALES_AMOUNT,FLOAT
SOLANA_SHARE,FACT_PROPOSAL_VOTES,GOVERNANCE_PLATFORM,TEXT
SOLANA_SHARE,FACT_PROPOSAL_VOTES,PROGRAM_NAME,TEXT
SOLANA_SHARE,FACT_PROPOSAL_VOTES,BLOCK_TIMESTAMP,TIMESTAMP_NTZ
SOLANA_SHARE,FACT_PROPOSAL_VOTES,BLOCK_ID,NUMBER
SOLANA_SHARE,FACT_PROPOSAL_VOTES,TX_ID,TEXT
SOLANA_SHARE,FACT_PROPOSAL_VOTES,SUCCEEDED,BOOLEAN
SOLANA_SHARE,FACT_PROPOSAL_VOTES,VOTER,TEXT
SOLANA_SHARE,FACT_PROPOSAL_VOTES,VOTER_ACCOUNT,TEXT
SOLANA_SHARE,FACT_PROPOSAL_VOTES,VOTER_NFT,TEXT
SOLANA_SHARE,FACT_PROPOSAL_VOTES,PROPOSAL,TEXT
SOLANA_SHARE,FACT_PROPOSAL_VOTES,REALMS_ID,TEXT
SOLANA_SHARE,FACT_PROPOSAL_VOTES,VOTE_CHOICE,TEXT
SOLANA_SHARE,FACT_PROPOSAL_VOTES,VOTE_RANK,NUMBER
SOLANA_SHARE,FACT_PROPOSAL_VOTES,VOTE_WEIGHT,NUMBER
SOLANA_SHARE,FACT_STAKING_LP_ACTIONS,BLOCK_TIMESTAMP,TIMESTAMP_NTZ
SOLANA_SHARE,FACT_STAKING_LP_ACTIONS,BLOCK_ID,NUMBER
SOLANA_SHARE,FACT_STAKING_LP_ACTIONS,TX_ID,TEXT
SOLANA_SHARE,FACT_STAKING_LP_ACTIONS,SUCCEEDED,BOOLEAN
SOLANA_SHARE,FACT_STAKING_LP_ACTIONS,INDEX,NUMBER
SOLANA_SHARE,FACT_STAKING_LP_ACTIONS,EVENT_TYPE,TEXT
SOLANA_SHARE,FACT_STAKING_LP_ACTIONS,PROGRAM_ID,TEXT
SOLANA_SHARE,FACT_STAKING_LP_ACTIONS,SIGNERS,ARRAY
SOLANA_SHARE,FACT_STAKING_LP_ACTIONS,ACCOUNT_KEYS,ARRAY
SOLANA_SHARE,FACT_STAKING_LP_ACTIONS,INSTRUCTION,VARIANT
SOLANA_SHARE,FACT_STAKING_LP_ACTIONS,INNER_INSTRUCTION,VARIANT
SOLANA_SHARE,FACT_STAKING_LP_ACTIONS,PRE_BALANCES,ARRAY
SOLANA_SHARE,FACT_STAKING_LP_ACTIONS,POST_BALANCES,ARRAY
SOLANA_SHARE,FACT_STAKING_LP_ACTIONS,PRE_TOKEN_BALANCES,ARRAY
SOLANA_SHARE,FACT_STAKING_LP_ACTIONS,POST_TOKEN_BALANCES,ARRAY
SOLANA_SHARE,FACT_SWAPS,BLOCK_TIMESTAMP,TIMESTAMP_NTZ
SOLANA_SHARE,FACT_SWAPS,BLOCK_ID,NUMBER
SOLANA_SHARE,FACT_SWAPS,TX_ID,TEXT
SOLANA_SHARE,FACT_SWAPS,SUCCEEDED,BOOLEAN
SOLANA_SHARE,FACT_SWAPS,SWAPPER,TEXT
SOLANA_SHARE,FACT_SWAPS,SWAP_FROM_AMOUNT,FLOAT
SOLANA_SHARE,FACT_SWAPS,SWAP_FROM_MINT,TEXT
SOLANA_SHARE,FACT_SWAPS,SWAP_TO_AMOUNT,FLOAT
SOLANA_SHARE,FACT_SWAPS,SWAP_TO_MINT,TEXT
SOLANA_SHARE,FACT_SWAPS,PROGRAM_ID,TEXT
SOLANA_SHARE,FACT_SWAPS,SWAP_PROGRAM,TEXT
SOLANA_SHARE,FACT_TRANSACTIONS,BLOCK_TIMESTAMP,TIMESTAMP_NTZ
SOLANA_SHARE,FACT_TRANSACTIONS,BLOCK_ID,NUMBER
SOLANA_SHARE,FACT_TRANSACTIONS,TX_ID,TEXT
SOLANA_SHARE,FACT_TRANSACTIONS,RECENT_BLOCK_HASH,TEXT
SOLANA_SHARE,FACT_TRANSACTIONS,SIGNERS,ARRAY
SOLANA_SHARE,FACT_TRANSACTIONS,FEE,NUMBER
SOLANA_SHARE,FACT_TRANSACTIONS,SUCCEEDED,BOOLEAN
SOLANA_SHARE,FACT_TRANSACTIONS,ACCOUNT_KEYS,ARRAY
SOLANA_SHARE,FACT_TRANSACTIONS,PRE_BALANCES,ARRAY
SOLANA_SHARE,FACT_TRANSACTIONS,POST_BALANCES,ARRAY
SOLANA_SHARE,FACT_TRANSACTIONS,PRE_TOKEN_BALANCES,ARRAY
SOLANA_SHARE,FACT_TRANSACTIONS,POST_TOKEN_BALANCES,ARRAY
SOLANA_SHARE,FACT_TRANSACTIONS,INSTRUCTIONS,ARRAY
SOLANA_SHARE,FACT_TRANSACTIONS,INNER_INSTRUCTIONS,ARRAY
SOLANA_SHARE,FACT_TRANSACTIONS,LOG_MESSAGES,ARRAY
SOLANA_SHARE,FACT_TRANSFERS,BLOCK_TIMESTAMP,TIMESTAMP_NTZ
SOLANA_SHARE,FACT_TRANSFERS,BLOCK_ID,NUMBER
SOLANA_SHARE,FACT_TRANSFERS,TX_ID,TEXT
SOLANA_SHARE,FACT_TRANSFERS,INDEX,TEXT
SOLANA_SHARE,FACT_TRANSFERS,TX_FROM,TEXT
SOLANA_SHARE,FACT_TRANSFERS,TX_TO,TEXT
SOLANA_SHARE,FACT_TRANSFERS,AMOUNT,FLOAT
SOLANA_SHARE,FACT_TRANSFERS,MINT,TEXT
SOLANA_SHARE,FACT_VOTES_AGG_BLOCK,BLOCK_TIMESTAMP,TIMESTAMP_NTZ
SOLANA_SHARE,FACT_VOTES_AGG_BLOCK,BLOCK_ID,NUMBER
SOLANA_SHARE,FACT_VOTES_AGG_BLOCK,NUM_VOTES,NUMBER
STATS,EZ_CORE_METRICS_HOURLY,BLOCK_TIMESTAMP_HOUR,TIMESTAMP_NTZ
STATS,EZ_CORE_METRICS_HOURLY,BLOCK_NUMBER_MIN,NUMBER
STATS,EZ_CORE_METRICS_HOURLY,BLOCK_NUMBER_MAX,NUMBER
STATS,EZ_CORE_METRICS_HOURLY,BLOCK_COUNT,NUMBER
STATS,EZ_CORE_METRICS_HOURLY,TRANSACTION_COUNT,NUMBER
STATS,EZ_CORE_METRICS_HOURLY,TRANSACTION_COUNT_SUCCESS,NUMBER
STATS,EZ_CORE_METRICS_HOURLY,TRANSACTION_COUNT_FAILED,NUMBER
STATS,EZ_CORE_METRICS_HOURLY,UNIQUE_SIGNERS_COUNT,NUMBER
STATS,EZ_CORE_METRICS_HOURLY,TOTAL_FEES_NATIVE,NUMBER
STATS,EZ_CORE_METRICS_HOURLY,TOTAL_FEES_USD,FLOAT
STATS,EZ_CORE_METRICS_HOURLY,EZ_CORE_METRICS_HOURLY_ID,TEXT
STATS,EZ_CORE_METRICS_HOURLY,INSERTED_TIMESTAMP,TIMESTAMP_NTZ
STATS,EZ_CORE_METRICS_HOURLY,MODIFIED_TIMESTAMP,TIMESTAMP_NTZ
﻿